name;pcode;pcode_parent;Land area;Violent incidents last year;% persons with disability;% Access to safe drinking water;Nr. of educational facilities per 10,000 people;% Access to electricity;Average elevation;% employed;Drought exposure;Earthquake exposure;Flood exposure;Nr. of health facilities per 10,000 people;% Access improved sanitation;% Literacy;% having mosquito nets;% of orphans under 18;Population density;Population;Poverty incidence;% permanent roof type;% Subsistence farming;Travel time to nearest city;% permanent wall type;% with internet access;% with mobile access;# of displaced persons;# of displaced / local population;pcode_level2;Violent incidents last year (0-10);Drought exposure (0-10);Earthquake exposure (0-10);Flood exposure (0-10);Hazards exposure;% persons with disability (0-10);% employed (0-10);% Literacy (0-10);% having mosquito nets (0-10);% of orphans under 18 (0-10);Poverty incidence (0-10);% permanent roof type (0-10);% Subsistence farming (0-10);% permanent wall type (0-10);Vulnerability;% Access to safe drinking water (0-10);Nr. of educational facilities per 10,000 people (0-10);% Access to electricity (0-10);Nr. of health facilities per 10,000 people (0-10);% Access improved sanitation (0-10);Travel time to nearest city (0-10);% with internet access (0-10);% with mobile access (0-10);Lack of Coping Capacity;Risk score
Masaka;21UGA012009;21UGA012;21.977.447;0;0.0994;0.674;84.574;0.3403;11.646.013;0.7846;0.2605;0;0;0.9187;0.2896;0.8533;0.8934;0.0901;1.683.958;370.091.187;0.5041;0.9742;0.4673;534.992;0.8279;0.098;0.537;null;null;21UGA012009;0;58.002;0;0;18.724;27.268;2.007;21.689;49.704;45.287;44.357;0.2391;47.167;12.102;31.617;37.885;66.415;60.337;75.561;2.784;48.769;79.143;33.478;56.763;37.483
Butebo;21UGA003004;21UGA003;3.232.247;0;0.1093;0.9128;50.479;0.0463;11.036.181;0.7721;0.197;0;0;0.8307;0.1887;0.7103;0.9697;0.0441;4.841.823;1.564.996.816;0.6563;0.6662;0.9028;649.587;0.6152;0.033;0.223;null;null;21UGA003004;0;48.834;0;0;14.972;32.098;21.447;5.638;0.8705;0.0583;64.425;3.648;92.282;35.396;4.574;0.8455;81.519;96.195;79.354;56.215;53.287;97.714;78.788;76.674;51.071
Busia;21UGA003002;21UGA003;7.632.872;0;0.1229;0.8629;83.848;0.0476;11.601.922;0.8027;0.4163;0;0.0113;14.143;0.2303;0.6572;0.956;0.0778;259.376;1.979.781.266;0.5618;0.4524;0.8259;1.298.099;0.2671;0.061;0.359;null;null;21UGA003002;0;73.406;0;91.999;56.497;38.732;18.078;69.262;16.067;33.333;51.965;60.144;84.316;73.519;54.137;14.604;66.737;96.036;54.204;44.516;69.405;89.714;59.163;68.273;60.029
Namutumba;21UGA005011;21UGA005;8.133.559;0;0.1292;0.8204;59.367;0.063;10.835.725;0.7744;0.1675;0;0.001;13.112;0.1781;0.5958;0.9638;0.0479;3.375.663;2.745.615.294;0.6105;0.7669;0.8686;1.033.888;0.6759;0.027;0.257;null;null;21UGA005011;0;43.516;0;2.541;1.915;41.805;21.193;84.158;11.875;0.4276;58.386;25.335;88.739;28.748;48.475;19.842;77.581;94.158;58.647;59.196;64.107;99.429;73.882;75.004;51.863
Alebtong;21UGA010001;21UGA010;15.538.247;0;0.1731;0.6691;36.633;0.0411;10.856.764;0.7896;0.093;0;0.0002;0.7077;0.1358;0.643;0.9775;0.1079;154.601;2.402.227.099;0.6308;0.2381;0.923;1.450.599;0.1218;0.031;0.177;null;null;21UGA010001;0;24.279;0;0.6684;0.825;6.322;1.952;72.707;0.4514;62.585;61.063;83.863;94.375;89.432;68.837;38.489;87.652;96.829;84.654;71.091;71.991;98.286;85.426;8.356;61.814
Bukedea;21UGA013002;21UGA013;10.489.117;0;0.1055;0.8969;5.289;0.0589;10.942.349;0.7748;0.1066;0;0.0001;0.6985;0.1426;0.6185;0.9665;0.0622;1.910.723;2.004.179.397;0.7096;0.405;0.8689;1.409.011;0.3374;0.035;0.238;null;null;21UGA013002;0;28.733;0;0.3494;0.8828;30.244;21.149;78.651;10.425;18.173;71.453;6.539;8.877;6.582;56.885;10.414;80.451;94.658;85.051;69.179;71.313;97.143;76.623;79.241;54.989
Moroto;21UGA008005;21UGA008;35.459.929;0;null;null;2.034;null;13.684.991;null;0.1639;0;0.0001;0.9388;null;null;null;null;360.481;1.278.262.505;0.9261;null;null;3.698.459;null;0.073;0.171;null;null;21UGA008005;0;42.804;0;0.3494;13.508;null;null;null;null;null;10;null;null;null;10;null;9.487;null;74.695;null;9.378;86.286;86.291;88.198;8.193
Kabarole;21UGA014003;21UGA014;1.314.304;0;0.1221;0.6744;62.249;0.2128;14.188.094;0.7986;0.3989;0.0014;0;10.464;0.1783;0.7596;0.9394;0.1058;2.835.708;3.726.981.289;0.5663;0.9707;0.5426;1.164.727;0.3165;0.095;0.461;null;null;21UGA014003;0;72.003;41.136;0;34.871;38.341;18.529;4.442;24.987;60.544;52.558;0.2778;54.967;68.109;43.388;37.836;76.305;75.887;70.058;59.139;66.881;8;44.444;65.859;4.952
Masindi;21UGA004008;21UGA004;3921.04;0;0.1446;0.7905;59.214;0.1427;10.095.289;0.8476;0.1315;0;0.0003;11.084;0.2155;0.6428;0.922;0.0703;874.325;3.428.262.679;0.5241;0.5821;0.7513;2.628.529;0.4344;0.082;0.424;null;null;21UGA004008;0;35.594;0;0.9618;12.483;49.317;13.134;72.756;34.336;26.045;46.994;45.789;76.588;55.197;49.789;23.527;77.649;84.437;67.386;48.678;8.583;83.714;49.784;69.456;47.953
Buikwe;21UGA011001;21UGA011;14.530.222;0;0.1169;0.8524;96.849;0.2715;11.994.028;0.7169;0.2603;0;0.001;0.752;0.2634;0.7842;0.8808;0.0839;375.205;545.181.355;0.4304;0.9462;0.476;713.226;0.7432;0.101;0.489;null;null;21UGA011001;0;57.977;0;2.541;24.521;35.805;27.524;38.452;56.475;39.261;34.639;0.549;48.068;21.378;35.369;15.898;60.977;68.728;82.745;35.208;55.463;78.286;40.404;58.778;41.096
Kamuli;21UGA005007;21UGA005;15.552.034;1.68;0.1274;0.9257;62.161;0.1031;10.754.463;0.0586;0.2352;0;0.0016;0.9072;0.2383;0.6857;0.9577;0.0586;3.827.336;5.952.286.976;0.6083;0.9149;0.7921;851.397;0.7864;0.044;0.318;null;null;21UGA005007;7.172;54.648;0;35.028;45.262;40.927;10;62.348;15.153;14.674;58.096;0.8954;80.814;16.647;55.067;0.6865;76.344;89.267;76.057;42.267;59.585;94.571;65.079;70.434;57.964
Budaka;21UGA003001;21UGA003;4.103.312;0;0.111;0.8959;50.664;0.0588;1.112.388;0.8064;0.1088;0;0;0.8595;0.2083;0.6175;0.9783;0.0515;5.387.423;2.210.627.839;0.6423;0.7887;0.8827;731.296;0.7109;0.032;0.25;null;null;21UGA003001;0;2.94;0;0;0.8218;32.927;1.767;78.894;0.4084;0.7775;62.579;22.922;9.02;24.915;46.334;10.537;81.437;9.467;78.112;50.703;56.045;9.8;74.892;7.555;49.224
Maracha;21UGA015004;21UGA015;443.629;0;0.1482;0.8007;40.805;0.0598;11.549.172;0.8359;0.2877;0;0;0.6801;0.1233;0.5654;0.9773;0.0828;4.971.708;2.205.593.451;0.6832;0.2141;0.9102;2.791.664;0.3804;0.026;0.187;null;null;21UGA015004;0;61.263;0;0;20.176;51.073;14.423;91.533;0.4621;38.192;67.972;86.519;93.049;61.111;65.553;2.227;85.804;94.548;85.844;74.606;87.231;99.714;83.983;84.472;63.145
Amolatar;21UGA010002;21UGA010;17.563.114;0;0.21;0.9742;67.043;0.0985;10.421.116;0.8648;0.0722;0;0.0011;0.9578;0.0811;0.7346;0.9687;0.0913;713.384;1.252.924.817;0.6296;0.3326;0.8686;1.340.066;0.1595;0.042;0.26;null;null;21UGA010002;0;16.036;0;27.199;1.149;8.122;11.241;50.485;0.9242;46.453;60.905;73.403;88.739;85.303;6.331;0.0887;74.181;89.828;73.876;86.474;70.145;95.143;73.449;76.718;56.398
Tororo;21UGA003007;21UGA003;11.925.746;0;0.1467;0.8052;57.891;0.1069;11.431.561;0.8006;0.3635;0;0.0002;10.733;0.1892;0.5708;0.9551;0.073;5.156.502;6.149.514.051;0.564;0.6548;0.802;775.718;0.3698;0.06;0.289;null;null;21UGA003007;0;68.948;0;0.6684;25.246;50.341;18.309;90.223;1.655;28.669;52.255;37.742;8.184;62.271;54.826;21.716;78.235;88.804;68.899;56.074;57.418;9;69.264;70.621;53.054
Kagadi;21UGA004003;21UGA004;15.540.733;0;0.1169;0.6135;72.341;0.1848;11.003.754;0.913;0.0595;0;0.0003;0.6673;0.1313;0.6985;0.9597;0.0822;2.410.537;3.746.151.739;0.6712;0.854;0.8175;2.080.965;0.2948;0.033;0.318;null;null;21UGA004003;0;0.9755;0;0.9618;0.4954;35.805;0.5934;59.243;14.078;37.609;6.639;15.695;83.446;70.485;48.853;45.341;71.834;79.302;86.395;72.357;80.391;97.714;65.079;77.869;5.077
Kalangala;21UGA012004;21UGA012;7.750.308;0;0.1582;0.4729;93.416;0.136;11.365.228;0.8653;0.2445;0;0.005;17.626;0.2636;0.766;0.7998;0.0854;73.204;567.354.512;0.5342;0.801;0.2314;1.258.995;0.1566;0.084;0.605;null;null;21UGA012004;0;55.921;0;65.684;36.522;55.951;11.186;42.868;10;40.719;48.325;21.561;22.729;8.562;5.739;62.669;62.498;85.254;39.194;35.152;68.693;83.143;23.665;6.188;52.898
Luwero;21UGA011007;21UGA011;2.216.454;17.698;0.1161;0.8128;33.095;0.247;11.084.586;0.7665;0.2662;0;0.0002;11.504;0.3147;0.8068;0.8947;0.0821;2.549.273;5.650.345.496;0.4771;0.9371;0.6199;1.113.392;0.7919;0.082;0.496;null;null;21UGA011007;72.222;58.713;0;0.6684;4.138;35.415;22.063;32.969;49.006;37.512;40.796;0.6497;62.975;16.044;35.472;20.779;8.922;71.716;65.576;20.782;65.831;83.714;39.394;63.042;47.819
Kole;21UGA010005;21UGA010;10.611.776;0;0.1752;0.692;39.302;0.0582;10.752.947;0.8974;0.1228;0;0;0.4079;0.1197;0.6983;0.9684;0.095;2.541.568;2.697.055.001;0.6392;0.3;0.9173;1.381.422;0.2105;0.036;0.201;null;null;21UGA010005;0;33.356;0;0;0.9486;64.244;0.7652;59.292;0.9404;50.049;6.217;77.012;93.784;79.717;62.864;35.667;8.647;94.743;97.574;75.619;70.853;96.857;81.962;84.593;6.045
Lamwo;21UGA001005;21UGA001;54.468.311;0;0.1841;0.7378;53.737;0.0526;9.845.167;0.8289;0.1304;0;0;11.822;0.2309;0.6002;0.934;0.0973;341.649;186.090.206;0.6284;0.1122;0.8913;4.137.493;0.0878;0.06;0.221;36770;0.197592343998033;21UGA001005;0;35.319;0;0;10.134;68.585;15.193;83.091;27.888;52.284;60.746;97.797;91.091;93.155;73.958;30.022;80.075;95.426;64.206;44.348;96.391;9;79.076;78.658;61.548
Ibanda;21UGA002003;21UGA002;9.647.724;33.269;0.1191;0.4271;89.162;0.1036;13.836.174;0.864;0.2055;0;0;14.639;0.1795;0.7271;0.9651;0.0848;3.115.509;3.005.757.268;0.6847;0.9388;0.8594;1.655.761;0.262;0.06;0.379;null;null;21UGA002003;78.315;50.219;0;0;40.646;36.878;11.329;52.305;11.177;40.136;6.817;0.6309;87.786;74.077;4.993;68.314;64.382;89.206;52.066;58.802;7.507;9;56.277;7.185;55.795
Wakiso;21UGA011013;21UGA011;28.092.861;0.6476;0.0696;0.8377;66.245;0.6067;11.568.589;0.6743;0.4444;0;0.0001;0.7253;0.3886;0.8426;0.8674;0.0754;5.497.002;15.442.650.679;0.3149;0.9913;0.1691;343.709;0.9254;0.246;0.698;null;null;21UGA011013;62.524;75.554;0;0.3494;43.694;12.732;32.214;24.284;63.675;31.001;19.409;0.0498;16.275;0.1424;24.642;1.771;74.535;27.845;83.896;0;38.468;36.857;10.245;42.912;3.758
Kaabong;21UGA008003;21UGA008;72.872.625;0;0.1118;0.7619;10.888;0.0233;1.416.242;0.752;0.1736;0;0;0.4323;0.0852;0.839;0.9754;0.1217;857.059;6.245.613.597;0.8994;0.1172;0.8318;3.957.565;0.0255;0.027;0.086;null;null;21UGA008003;0;44.688;0;0;1.341;33.317;2.366;25.158;0.5642;75.996;96.479;97.244;84.927;99.978;74.171;27.052;99.057;9.9;96.522;85.321;95.356;99.429;98.557;93.184;70.965
Bunyangabu;21UGA014002;21UGA014;497.878;50.291;0.1204;0.6267;56.828;0.1111;17.574.072;0.8618;0.2773;0.0074;0;10.561;0.1827;0.7337;0.9499;0.0958;3.993.833;1.988.441.561;0.6042;0.968;0.8021;1.815.589;0.1604;0.041;0.382;null;null;21UGA014002;82.304;60.054;10;0;74.403;37.512;11.571;50.704;19.344;50.826;57.555;0.3077;8.185;85.204;50.686;43.715;78.706;88.291;6.964;57.902;77.215;95.429;55.844;74.496;67.805
Iganga;21UGA005004;21UGA005;6.378.198;0;0.1304;0.8919;81.977;0.1196;11.030.648;0.6959;0.1484;0;0;0.8629;0.2711;0.6689;0.9478;0.0521;6.177.515;394.013.511;0.5537;0.9439;0.6982;710.631;0.7972;0.062;0.385;null;null;21UGA005004;0;39.551;0;0;11.574;4.239;29.836;66.424;20.473;0.8358;50.897;0.5744;71.087;15.464;3.845;1.103;67.565;87.255;77.966;33.043;55.378;89.429;55.411;65.692;42.112
Buvuma;21UGA011002;21UGA011;96.222.142;0;0.2339;0.3559;7.787;0.0698;11.356.926;0.8607;0.2127;0;0.0007;1.442;0.1324;0.6213;0.8554;0.0623;72.069;693.461.484;0.5715;0.6613;0.5215;1.363.163;0.0711;0.048;0.437;null;null;21UGA011002;0;51.349;0;19.452;20.427;92.878;11.692;77.972;70.124;1.827;53.244;37.023;52.782;94.984;65.113;77.089;69.385;93.328;5.301;72.047;70.543;93.429;47.908;7.548;58.141
Bukwo;21UGA006002;21UGA006;5.561.326;150.744;0.1065;0.6086;117.581;0.0502;23.677.867;0.7791;0.2535;0;0;24.119;0.2225;0.7081;0.9567;0.0493;1.192.835;66.337.469;0.7002;0.5231;0.8489;1.940.808;0.0332;0.08;0.245;null;null;21UGA006002;92.903;57.108;0;0;52.084;30.732;20.676;56.914;1.569;0.5637;70.214;52.319;86.698;99.135;59.096;45.945;51.793;95.719;11.213;4.671;78.768;84.286;75.613;68.065;60.173
Nakasongola;21UGA011012;21UGA011;35.111.235;0;0.1623;0.635;107.768;0.1496;1.063.332;0.8056;0.3749;0;0.0015;15.327;0.2084;0.7104;0.9191;0.0787;594.632;2.087.827.041;0.5701;0.7054;0.6451;1.621.148;0.522;0.064;0.423;null;null;21UGA011012;0;69.963;0;3.359;31.893;57.951;17.758;56.356;35.895;34.208;53.059;32.142;65.586;45.603;45.845;42.692;5.614;83.596;49.101;50.675;74.578;88.857;49.928;65.332;49.253
Kaberamaido;21UGA013003;21UGA013;16.253.843;0;0.1809;0.9062;58.232;0.0503;10.623.823;0.8348;0.1689;0;0.0002;10.416;0.1231;0.7131;0.9618;0.0783;1.299.536;2.112.245.731;0.6133;0.2101;0.8933;957.958;0.1587;0.063;0.232;null;null;21UGA013003;0;43.789;0;0.6684;1.459;67.024;14.544;55.701;1.295;33.819;58.755;86.962;91.298;8.539;63.954;0.9268;78.084;95.707;70.265;74.663;62.331;89.143;77.489;75.178;56.424
Namayingo;21UGA005010;21UGA005;46.670.205;0;0.1505;0.4628;9.682;0.0501;11.373.544;0.8118;0.2316;0;0.0013;0.8659;0.1382;0.5855;0.9255;0.0687;272.207;1.270.396.777;0.6191;0.4898;0.7402;1.704.665;0.2012;0.04;0.303;null;null;21UGA005010;0;54.142;0;30.534;24.347;52.195;17.076;86.657;32.456;2.449;5.952;56.004;75.438;80.736;5.898;63.914;6.099;95.731;77.837;70.416;75.748;95.714;67.244;78.839;58.458
Rukungiri;21UGA009006;21UGA009;15.216.614;0;0.1208;0.5861;81.214;0.1197;13.449.716;0.745;0.1962;0;0.0003;16.465;0.1525;0.7638;0.9655;0.1022;2.953.537;4.494.281.924;0.6377;0.9562;0.7928;1.892.359;0.1133;0.051;0.394;null;null;21UGA009006;0;4.87;0;0.9618;17.073;37.707;2.443;43.401;10.962;57.046;61.973;0.4383;80.887;90.363;52.902;48.718;67.903;87.242;44.197;66.395;7.818;92.571;54.113;7.1;50.783
Mubende;21UGA011009;21UGA011;27.099.786;0;0.1168;0.3702;70.949;0.1602;12.754.556;0.8622;0.1336;0;0.0001;11.595;0.1848;0.6994;0.917;0.0798;1.336.665;3.622.333.623;0.6966;0.8998;0.766;2.179.536;0.4147;0.048;0.401;null;null;21UGA011009;0;36.112;0;0.3494;1.12;35.756;11.527;59.025;37.023;35.277;69.739;10.625;7.811;57.354;47.863;75.327;72.451;82.303;65.184;57.312;81.469;93.429;53.102;74.842;49.914
Pakwach;21UGA015007;21UGA015;10.238.351;0;0.1893;0.468;23.604;0.0555;6.876.145;0.8779;0.1074;0;0.0002;12.458;0.1529;0.6039;0.9711;0.0998;1.489.667;1.525.173.433;0.6648;0.156;0.8604;1.624.811;0.0666;0.055;0.249;null;null;21UGA015007;0;28.977;0;0.6684;0.967;71.122;0.9799;82.193;0.7953;54.713;65.546;9.295;8.789;95.477;72.194;63.273;93.424;95.073;61.465;66.282;74.631;91.429;75.036;80.444;61.641
Rubanda;21UGA009004;21UGA009;6.872.449;0;0.1512;0.7363;54.498;0.0591;21.037.932;0.8723;0.0955;0;0;1.031;0.1031;0.7205;0.9705;0.0818;3.951.555;2.715.686.021;0.6112;0.9799;0.8955;2.019.375;0.0847;0.032;0.302;null;null;21UGA009004;0;25.144;0;0;0.6903;52.537;10.415;53.906;0.8275;37.221;58.478;0.176;91.526;93.495;55.495;30.207;79.738;94.633;70.722;80.287;79.692;9.8;67.388;79.741;5.446
Luuka;21UGA005008;21UGA005;648.968;0;0.1067;0.9382;60.602;0.083;11.013.045;0.7391;0.2815;0;0;1.021;0.2043;0.6815;0.9598;0.0558;4.678.485;3.036.186.611;0.6117;0.9197;0.8212;762.955;0.8065;0.04;0.291;null;null;21UGA005008;0;60.548;0;0;19.852;30.829;2.508;63.367;14.025;11.953;58.544;0.8423;83.829;14.445;40.225;0.5324;77.034;91.719;71.153;51.828;57.032;95.714;68.975;71.709;47.707
Soroti;21UGA013009;21UGA013;14.123.308;0;0.1406;0.9291;54.876;0.1335;10.748.833;0.7898;0.1778;0;0.0001;0.9146;0.2087;0.7164;0.9463;0.0745;2.245.059;3.170.765.611;0.653;0.3777;0.708;585.328;0.3207;0.073;0.308;null;null;21UGA013009;0;45.472;0;0.3494;14.475;47.366;19.498;54.901;21.279;30.126;6.399;68.412;72.102;67.649;52.513;0.6446;79.571;85.559;75.738;50.591;50.862;86.286;66.522;6.795;48.588
Kaliro;21UGA005006;21UGA005;8.693.555;0;0.1312;0.9394;6.124;0.0833;10.576.429;0.8528;0.2082;0;0.0009;0.7066;0.1729;0.6015;0.8684;0.045;2.930.176;2.547.364.663;0.6955;0.6698;0.8563;1.153.139;0.6758;0.031;0.259;null;null;21UGA005006;0;50.647;0;2.353;21.191;4.278;12.562;82.775;63.138;0.1458;69.594;36.082;87.465;28.759;54.378;0.5176;76.752;91.682;84.702;60.658;66.648;98.286;73.593;76.592;5.506
Omoro;21UGA001007;21UGA001;15.664.099;0;0.1617;0.6102;58.157;0.057;10.649.991;0.5902;0.1468;0;0.0002;16.188;0.1711;0.6535;0.9345;0.1109;1.064.798;166.790.987;0.6925;0.1399;0.8958;1.353.069;0.0997;0.064;0.238;null;null;21UGA001007;0;39.196;0;0.6684;12.984;57.659;41.473;7.016;2.762;6.55;69.198;94.732;91.557;91.852;73.515;45.748;78.117;9.489;45.391;61.164;7.037;88.857;76.623;74.009;59.575
Rukiga;21UGA009005;21UGA009;4.283.577;68.691;0.1516;0.7254;82.429;0.1005;18.373.408;0.8225;0.2013;0;0;16.486;0.131;0.7501;0.9723;0.0898;3.398.535;1.455.789.174;0.5957;0.9796;0.8737;1.598.271;0.0929;0.044;0.348;null;null;21UGA009005;85.314;49.542;0;0;44.567;52.732;15.898;46.725;0.7308;44.995;56.435;0.1793;89.268;92.597;54.537;3.155;67.365;89.584;44.107;72.441;74.248;94.571;6.075;71.582;58.118
Kween;21UGA006005;21UGA006;8.163.712;0;0.0757;0.6753;8.467;0.0378;1.787.736;0.8239;0.1867;0;0;16.388;0.1345;0.6545;0.9639;0.0499;134.545;1.098.386.322;0.7412;0.6134;0.861;2.140.525;0.0293;0.052;0.234;null;null;21UGA006005;0;47.073;0;0;14.299;15.707;15.744;69.918;11.822;0.622;7.562;42.324;87.952;99.562;5.961;37.725;66.372;97.231;44.529;71.457;81.048;92.286;77.201;76.001;55.171
Serere;21UGA013008;21UGA013;19.653.068;0;0.1466;0.9462;53.889;0.0639;10.520.783;0.8124;0.2109;0;0.0012;0.78;0.1081;0.6546;0.9101;0.0592;1.435.202;2.820.612.612;0.7068;0.2091;0.8841;822.562;0.18;0.038;0.244;null;null;21UGA013008;0;5.107;0;28.904;22.759;50.293;1.701;69.893;40.731;15.258;71.084;87.072;90.345;83.058;65.281;0.4338;80.008;94.048;81.538;78.881;58.783;96.286;75.758;77.896;59.876
Amuru;21UGA001002;21UGA001;35.368.311;0;0.1437;0.5117;52.435;0.0663;8.992.283;0.8247;0.1205;0;0.0005;1.408;0.1738;0.5766;0.9039;0.095;582.355;2.059.692.908;0.765;0.1759;0.8605;4.831.223;0.068;0.063;0.236;null;null;21UGA001002;0;32.737;0;14.864;12.876;48.878;15.656;88.816;44.062;50.049;78.758;90.747;8.79;95.324;74.081;57.888;80.652;93.755;54.475;60.405;10;89.143;76.912;81.007;63.269
Kitgum;21UGA001004;21UGA001;41.533.894;0;0.1541;0.7976;60.963;0.0785;10.709.924;0.7714;0.1468;0;0.0012;0.855;0.238;0.6129;0.9489;0.1057;647.697;2.690.137.563;0.6164;0.2052;0.8676;2.608.443;0.1726;0.1;0.262;null;null;21UGA001004;0;39.196;0;28.904;18.681;53.951;21.524;8.001;19.882;60.447;59.164;87.504;88.636;83.868;67.654;22.652;76.874;92.267;78.306;42.351;85.651;78.571;7.316;7.345;57.828
Kyegegwa;21UGA014006;21UGA014;17.463.948;0;0.1203;0.1926;8.945;0.1201;13.004.079;0.5099;0.213;0;0.0002;0.9564;0.1388;0.6827;0.9331;0.0761;1.017.831;1.777.534.345;0.7412;0.7942;0.8369;3.365.629;0.1713;0.032;0.33;62535;0.351807548693667;21UGA014006;0;51.395;0;0.6684;1.744;37.463;50.314;63.076;28.372;31.681;7.562;22.313;85.455;84.011;58.483;97.215;64.255;87.194;73.937;70.247;91.584;9.8;63.348;8.403;60.002
Kanungu;21UGA009002;21UGA009;1.330.347;29.901;0.1253;0.5626;67.277;0.1223;13.929.163;0.8396;0.2438;0;0.0004;14.053;0.1461;0.7117;0.9599;0.0954;2.513.903;334.436.368;0.701;0.9284;0.8228;1.855.303;0.2132;0.052;0.354;null;null;21UGA009002;77.284;55.827;0;12.335;43.803;39.902;14.015;56.041;13.971;50.437;70.319;0.746;83.995;79.422;52.507;51.614;74.077;86.925;54.592;68.195;77.719;92.286;59.885;73.317;58.087
Zombo;21UGA015009;21UGA015;8.973.941;0;0.1777;0.679;2.411;0.0578;14.599.794;0.9009;0.1681;0;0;0.6941;0.1477;0.5305;0.9535;0.0808;3.050.412;2.737.421.294;0.6636;0.2027;0.9164;2.848.048;0.1128;0.034;0.189;null;null;21UGA015009;0;43.633;0;0;13.025;65.463;0.7266;10;1.741;36.249;65.388;87.781;93.691;90.417;73.743;37.269;9.32;94.792;8.524;67.745;87.697;97.429;83.694;85.051;6.54
Kyenjojo;21UGA014007;21UGA014;2.351.305;0;0.1188;0.4568;52.133;0.11;13.372.833;0.8216;0.1406;0;0;0.7715;0.167;0.6855;0.9421;0.0953;181.92;427.749.385;0.6753;0.8679;0.7498;2.095.867;0.1965;0.038;0.339;null;null;21UGA014007;0;37.783;0;0;10.965;36.732;15.997;62.397;23.536;5.034;6.693;14.156;76.432;81.251;52.521;64.654;80.786;88.425;81.905;62.317;80.558;96.286;62.049;7.944;54.046
Jinja;21UGA005005;21UGA005;7.242.995;77.676;0.1197;0.954;64.316;0.2931;11.444.146;0.1832;0.5265;0;0.0008;10.564;0.2607;0.7898;0.9151;0.0689;8.887.175;6.436.979.338;0.4719;0.9841;0.4452;35.601;0.7522;0.118;0.482;null;null;21UGA005005;86.501;8.113;0;21.548;59.056;37.171;86.282;37.094;38.044;24.684;40.111;0.1295;44.877;20.392;4.114;0.3377;75.389;66.093;69.627;35.967;39.287;73.429;41.414;54.746;52.119
Kapchorwa;21UGA006004;21UGA006;3.578.541;0;0.1605;0.7652;76.854;0.0865;19.958.014;0.769;0.2504;0;0;17.467;0.1684;0.6927;0.9619;0.0614;3.199.717;1.145.032.684;0.7215;0.8199;0.7278;1.956.898;0.0939;0.072;0.3;null;null;21UGA006004;0;56.704;0;0;18.165;57.073;21.788;6.065;12.896;17.396;73.022;19.469;74.153;92.487;55.146;26.645;69.835;91.292;39.879;61.924;7.896;86.571;67.677;69.914;51.269
Butaleja;21UGA003003;21UGA003;6.563.151;0;0.1743;0.9198;47.138;0.0508;10.856.244;0.8661;0.2387;0;0.0002;0.6569;0.15;0.5864;0.968;0.0464;3.943.475;2.588.161.925;0.62;0.6956;0.8995;766.344;0.5792;0.026;0.23;null;null;21UGA003003;0;55.133;0;0.6684;18.942;63.805;11.098;86.439;0.9618;0.2818;59.639;33.226;9.194;39.339;53.422;0.7592;82.999;95.646;86.843;67.098;57.135;99.714;77.778;79.545;5.595
Amuria;21UGA013001;21UGA013;1.381.769;0;0.1755;0.8913;49.349;0.0815;10.981.905;0.8673;0.177;0;0.0003;13.796;0.1301;0.631;0.952;0.0796;1.363.857;1.884.535.507;0.6732;0.1481;0.8468;1.297.053;0.1227;0.045;0.199;null;null;21UGA013001;0;45.324;0;0.9618;15.826;6.439;10.966;75.619;18.216;35.083;66.653;93.824;86.481;89.333;68.296;11.104;82.019;91.901;55.699;72.694;69.386;94.286;82.251;75.812;58.695
Kisoro;21UGA009003;21UGA009;7.337.791;0;0.1248;0.5541;5.691;0.0665;19.831.529;0.8005;0.183;0;0;10.476;0.1539;0.5963;0.9614;0.0733;4.813.306;3.531.903.042;0.686;0.9897;0.8755;3.036.945;0.27;0.045;0.327;null;null;21UGA009003;0;46.417;0;0;14.052;39.659;1.832;84.037;13.165;2.896;68.341;0.0675;89.454;73.201;54.902;52.662;7.867;93.731;70.006;66.001;89.192;94.286;63.781;79.232;55.292
Sheema;21UGA002010;21UGA002;6.993.077;0;0.1143;0.5681;81.675;0.1389;15.300.921;0.2988;0.2131;0;0;10.295;0.1716;0.7912;0.9644;0.0889;4.166.973;2.913.996.816;0.5768;0.9742;0.7966;1.733.256;0.2778;0.064;0.433;null;null;21UGA002010;0;5.141;0;0;15.982;34.537;73.555;36.754;11.553;44.121;53.943;0.2391;8.128;72.347;50.998;50.937;67.699;84.901;70.786;61.024;76.135;88.857;48.485;7.097;49.882
Yumbe;21UGA015008;21UGA015;24.965.988;23.696;0.0721;0.6736;40.046;0.0546;8.644.727;0.8686;0.1427;0;0.0001;0.5687;0.1707;0.5436;0.9714;0.1164;1.690.362;4.220.155.762;0.757;0.1313;0.912;3.966.976;0.2734;0.073;0.3;286859;0.679735574434842;21UGA015008;75.039;38.269;0;0.3494;36.243;13.951;10.822;96.822;0.7792;70.845;77.703;95.683;93.235;72.829;72.204;37.934;86.141;95.182;90.644;61.277;95.411;86.286;67.677;82.094;67.225
Bukomansimbi;21UGA012001;21UGA012;5.998.925;43.606;0.1169;0.4496;64.972;0.1503;12.221.106;0.8231;0.1169;0;0.0003;0.6105;0.2475;0.7838;0.915;0.0893;3.822.817;2.293.279.086;0.6013;0.9727;0.8119;866.425;0.8072;0.039;0.416;null;null;21UGA012001;80.927;31.746;0;0.9618;39.017;35.805;15.832;38.549;38.098;44.509;57.173;0.2557;82.865;14.369;41.081;65.541;75.098;8.351;88.843;39.679;59.993;9.6;50.938;74.331;5.406
Kasese;21UGA014005;21UGA014;33.874.165;0;0.0919;0.7114;61.377;0.1557;14.830.371;0.5456;0.2856;0.0001;0.0001;0.9904;0.2015;0.6768;0.9571;0.0496;2.414.502;8.178.924.809;0.6623;0.9374;0.738;2.592.192;0.4746;0.058;0.379;null;null;21UGA014005;0;61.023;0.4478;0.3494;21.715;2.361;46.383;64.508;15.476;0.5928;65.216;0.6464;7.521;50.794;4.4;33.276;76.691;82.852;72.471;52.615;85.506;90.571;56.277;72.505;49.699
Rubirizi;21UGA002009;21UGA002;13.718.187;0;0.1375;0.5229;90.963;0.0982;10.343.802;0.9669;0.197;0;0.0002;0.9968;0.0922;0.685;0.9734;0.0885;1.170.014;1.605.047.645;0.737;0.9494;0.8493;3.070.974;0.4029;0.064;0.358;null;null;21UGA002009;0;48.834;0;0.6684;16.451;45.854;0;62.518;0.6717;43.732;75.066;0.5136;8.674;58.646;49.877;56.507;63.585;89.865;72.196;83.352;89.451;88.857;59.307;7.788;53.359
Lwengo;21UGA012007;21UGA012;10.245.871;25.282;0.1178;0.3776;82.167;0.1764;12.778.631;0.8359;0.1698;0;0;0.6573;0.2242;0.9094;0.9356;0.0894;3.860.454;3.955.370.791;0.5698;0.9715;0.7631;90.698;0.7604;0.045;0.426;null;null;21UGA012007;75.665;43.963;0;0;37.485;36.244;14.423;0.8079;27.028;44.606;5.302;0.269;7.781;19.494;35.566;74.415;67.481;80.327;86.826;46.232;61.058;94.286;49.495;7.347;51.732
Adjumani;21UGA015001;21UGA015;31.138.387;6.715;0.108;0.9397;2.686;0.0857;8.156.874;0.6487;0.1027;0;0.002;1.343;0.1791;0.6181;0.9379;0.1315;956.508;2.978.411.809;0.7158;0.1277;0.6779;4.419.819;0.2947;0.075;0.322;257104;0.863225156721186;21UGA015001;85.095;27.516;0;40.274;46.789;31.463;35.032;78.748;25.793;8.552;72.271;96.082;68.984;70.496;68.876;0.5139;91.982;91.389;57.276;58.915;97.928;85.714;64.502;7.719;65.942
Buyende;21UGA005003;21UGA005;18.810.879;0;0.1558;0.8681;58.684;0.0762;10.513.856;0.8489;0.1903;0;0.0004;0.6344;0.1628;0.5471;0.9548;0.0533;1.675.877;3.152.471.468;0.7105;0.5887;0.8564;1.278.159;0.546;0.034;0.265;null;null;21UGA005003;0;47.699;0;12.335;17.336;5.478;12.991;95.973;16.711;0.9524;71.572;45.058;87.475;42.974;57.978;13.964;77.884;92.548;87.813;63.498;69.044;97.429;72.727;77.932;56.228
Kalungu;21UGA012005;21UGA012;8.375.474;37.746;0.1329;0.6126;7.738;0.1799;11.927.457;0.0917;0.3909;0;0.0004;0.9814;0.2644;0.7748;0.9243;0.0917;316.313;2.649.271.085;0.5724;0.9613;0.6534;858.609;0.7571;0.039;0.428;null;null;21UGA012005;79.534;71.337;0;12.335;50.179;4.361;96.356;40.733;3.31;46.842;53.362;0.3818;66.446;19.855;51.952;45.452;69.602;7.99;72.859;34.927;59.782;9.6;49.206;68.013;57.353
Ntungamo;21UGA002008;21UGA002;20.410.955;0;0.107;0.5712;75.427;0.1183;14.964.827;0.8187;0.1698;0;0.0001;0.6124;0.1531;0.7237;0.9681;0.0889;303.989;6.204.704.534;0.6283;0.9481;0.8062;1.845.841;0.1838;0.055;0.38;null;null;21UGA002008;0;43.963;0;0.3494;13.924;30.976;16.316;5.313;0.9565;44.121;60.733;0.5279;82.275;82.642;49.329;50.555;70.467;87.413;88.761;66.226;7.76;91.429;56.133;7.637;51.805
Mbarara;21UGA002006;21UGA002;17.955.826;0;0.094;0.5734;9.242;0.2794;14.846.455;0.7824;0.1995;0;0.001;0.9987;0.1751;0.8068;0.9425;0.0864;3.290.198;5.907.824.639;0.5498;0.9749;0.5907;1.320.995;0.4269;0.115;0.494;null;null;21UGA002006;0;49.247;0;2.541;21.164;24.634;20.313;32.969;23.321;41.691;50.382;0.2313;5.995;56.018;36.736;50.283;62.939;67.764;72.114;60.039;69.812;74.286;39.683;63.261;42.705
Nakapiripirit;21UGA008007;21UGA008;23.770.133;0;0.0742;0.736;27.754;0.0258;12.827.913;0.8934;0.1752;0;0.0001;13.877;0.0613;0.8176;0.9183;0.0991;363.799;864.755.347;0.8747;0.1414;0.8434;3.313.699;0.026;0.027;0.098;null;null;21UGA008007;0;44.989;0;0.3494;14.298;14.976;0.8092;30.349;36.325;54.033;93.223;94.566;86.129;99.923;70.778;30.244;91.586;98.695;5.535;92.042;91.222;99.429;96.825;88.464;66.559
Gulu;21UGA001003;21UGA001;19.359.113;0;0.1108;0.8363;65.658;0.2243;9.808.945;0.3379;0.0761;0;0.0001;15.837;0.3102;0.7549;0.9378;0.1268;1.565.583;3.030.831.981;0.65;0.3952;0.4766;722.831;0.3504;0.191;0.436;null;null;21UGA001003;0;17.747;0;0.3494;0.5577;32.829;6.925;4.556;25.846;80.952;63.594;66.475;4.813;64.396;57.854;17.883;74.795;74.485;46.904;22.047;55.774;52.571;48.052;52.211;41.934
Kibaale;21UGA004005;21UGA004;11.608.033;0;0.1102;0.5124;11.595;0.1487;12.482.991;0.9218;0.0881;0;0;0.6243;0.1299;0.7325;0.9593;0.066;965.863;1.121.177.272;0.6353;0.8689;0.8356;2.509.647;0.2595;0.028;0.307;null;null;21UGA004005;0;22.515;0;0;0.6115;32.537;0.4965;50.995;14.293;21.866;61.656;14.045;85.321;74.351;46.466;57.801;52.516;83.705;88.248;7.275;84.752;99.143;66.667;79.285;51.109
Kikuube;21UGA004006;21UGA004;29.878.853;0;0.1148;0.5942;5.147;0.1096;9.422.234;0.5902;0.0745;0;0.0001;10.558;0.1218;0.6522;0.8954;0.0709;760.795;2.273.167.459;0.6856;0.6499;0.7747;2.790.793;0.23;null;null;null;null;21UGA004006;0;17.056;0;0.3494;0.5382;3.478;41.473;70.475;4.863;26.628;68.289;38.284;79.012;77.582;57.231;4.772;8.108;88.474;69.653;75.028;87.224;null;null;77.129;53.263
Manafwa;21UGA006006;21UGA006;2.113.921;0;0.2121;0.9184;52.253;0.0612;12.642.104;0.7966;0.4821;0;0;0.3976;0.2033;0.6592;0.9771;0.0581;832.887;1.760.658.322;0.5506;0.8674;0.8724;711.083;0.2387;0.043;0.285;null;null;21UGA006006;0;78.232;0;0;29.161;82.244;18.749;68.777;0.4729;14.189;50.488;14.211;89.133;76.629;55.386;0.7764;80.733;94.377;98.018;52.109;55.393;94.857;69.841;77.798;57.728
Mpigi;21UGA012010;21UGA012;15.252.749;0;0.0978;0.6403;108.005;0.2232;11.668.217;0.0873;0.2881;0;0.001;10.208;0.2887;0.7965;0.8636;0.0873;1.991.049;3.036.897.577;0.5215;0.9756;0.6021;112.626;0.7766;0.066;0.495;null;null;21UGA012010;0;61.309;0;2.541;25.912;26.488;9.684;35.468;65.717;42.566;46.651;0.2236;61.131;1.772;51.636;42.038;56.035;74.619;71.161;28.093;66.099;88.286;39.538;61.997;4.821
Dokolo;21UGA010004;21UGA010;10.889.225;0;0.1825;0.8542;53.687;0.0682;1.068.068;0.9342;0.1435;0;0.0004;0.6584;0.0992;0.6789;0.9802;0.0947;1.813.194;1.974.427.621;0.577;0.3258;0.9019;1.288.797;0.2306;0.04;0.216;null;null;21UGA010004;0;38.452;0;12.335;1.409;67.805;0.36;63.998;0.3063;49.757;53.969;74.156;92.189;77.516;61.114;15.677;80.098;93.524;86.779;81.384;69.237;95.714;79.798;80.554;58.189
Mitooma;21UGA002007;21UGA002;6.800.199;0;0.1481;0.4894;95.527;0.104;14.234.868;0.3686;0.0884;0;0;0.9062;0.1491;0.7443;0.9773;0.0928;3.894.688;2.648.464.624;0.6508;0.946;0.8154;2.919.951;0.2547;0.062;0.373;null;null;21UGA002007;0;22.626;0;0;0.6148;51.024;6.587;48.132;0.4621;47.911;6.37;0.5512;83.228;74.877;54.653;60.636;61.563;89.157;7.61;67.351;88.277;89.429;57.143;76.119;51.922
Kayunga;21UGA011004;21UGA011;17.049.534;0;0.1113;0.8163;43.985;0.1417;10.667.965;0.8006;0.2801;0;0.0013;0.5755;0.229;0.6787;0.9156;0.0734;2.853.601;486.525.624;0.5708;0.8461;0.7511;1.228.518;0.6026;0.047;0.368;null;null;21UGA011004;0;60.384;0;30.534;26.828;33.073;18.309;64.047;37.775;29.057;53.151;16.569;76.567;36.776;4.367;20.348;84.396;84.559;90.351;44.882;68.122;93.714;57.864;74.095;51.634
Lyantonde;21UGA012008;21UGA012;8.655.549;0;0.1168;0.1842;108.356;0.1788;12.934.724;0.8426;0.2097;0;0;2.663;0.2077;0.7163;0.9463;0.0829;1.258.153;1.089.000.904;0.6248;0.8071;0.7577;1.458.048;0.5515;0.067;0.427;null;null;21UGA012008;0;50.883;0;0;15.773;35.756;13.685;54.925;21.279;3.829;60.272;20.885;77.251;42.372;43.684;9.825;5.588;80.034;0.0392;50.872;7.211;8.8;49.351;69.977;46.926
Pallisa;21UGA003006;21UGA003;7.723.528;0;0.139;0.9059;4.79;0.0641;10.588.032;0.7917;0.2288;0;0.0006;0.6362;0.1745;0.7103;0.9611;0.0494;3.459.858;2.672.230.068;0.6961;0.5643;0.8603;985.273;0.4822;0.041;0.223;null;null;21UGA003006;0;53.743;0;1.723;2.081;46.585;19.289;5.638;13.326;0.5734;69.673;47.759;87.879;49.962;49.679;0.9305;82.661;94.024;87.735;60.208;62.985;95.429;78.788;78.023;5.428
Ssembabule;21UGA012012;21UGA012;23.402.256;0;0.1221;0.1898;96.208;0.1269;12.423.568;0.9605;0.2675;0;0.0008;0.7427;0.1711;0.6731;0.9359;0.0845;1.265.839;2.962.347.778;0.6435;0.8725;0.8306;1.646.002;0.6704;0.033;0.389;null;null;21UGA012012;0;58.873;0;21.548;23.933;38.341;0.0705;65.405;26.867;39.845;62.737;13.647;84.803;29.351;45.556;9.756;61.261;86.364;83.146;61.164;74.933;97.714;54.834;81.222;55.626
Bududa;21UGA006001;21UGA006;3.180.168;0;0.143;0.7028;71.583;0.0442;22.007.882;0.7137;0.2194;0;0;0.7405;0.2621;0.7061;0.9717;0.0798;6.369.592;2.025.637.309;0.6071;0.9336;0.8822;2.440.199;0.0848;0.077;0.346;null;null;21UGA006001;0;52.366;0;0;16.365;48.537;27.876;57.399;0.763;35.277;57.938;0.6884;90.148;93.484;56.258;34.336;7.217;96.451;83.241;35.574;84.099;85.143;61.039;74.481;53.585
Butambala;21UGA012002;21UGA012;4.054.447;0;0.0608;0.7711;122.632;0.1869;11.968.146;0.7125;0.289;0;0.0003;16.304;0.3122;0.8185;0.8993;0.0811;3.479.438;1.410.719.546;0.5586;0.9837;0.7434;975.115;0.8264;0.053;0.456;null;null;21UGA012002;0;61.411;0;0.9618;22.278;0.8439;28.008;30.131;46.534;3.654;51.543;0.1339;75.769;12.266;36.009;25.918;49.555;79.046;44.891;21.485;62.744;9.2;45.166;58.264;40.466
Agago;21UGA001001;21UGA001;35.259.788;0;0.1936;0.7618;50.949;0.0633;10.924.754;0.8585;0.0745;0;0.0002;11.988;0.2121;0.5746;0.9637;0.1152;851.679;3.003.001.164;0.738;0.1593;0.9076;3.121.996;0.1367;0.061;0.185;null;null;21UGA001001;0;17.056;0;0.6684;0.6174;7.322;11.934;89.301;11.929;69.679;75.198;92.584;92.779;8.78;75.345;27.064;81.311;94.121;63.491;49.634;89.835;89.714;84.271;77.783;6.11
Apac;21UGA010003;21UGA010;1.818.524;0;0.2302;0.9076;62.481;0.072;10.585.773;0.8236;0.0754;0;0.0023;1.136;0.1533;0.7288;0.965;0.1009;96.81;1.760.513.296;0.6448;0.2643;0.8786;1.635.785;0.2149;0.04;0.231;null;null;21UGA010003;0;17.446;0;43.768;17.172;91.073;15.777;51.892;11.231;55.782;62.909;80.963;89.775;79.236;67.113;0.9095;76.202;9.306;66.197;6.617;74.788;95.714;77.633;75.777;5.845
Lira;21UGA010007;21UGA010;13.408.099;2.428;0.1635;0.8491;63.372;0.1496;10.774.572;0.7653;0.089;0;0;0.8013;0.2405;0.7045;0.9608;0.1128;3.071.703;4.118.568.709;0.5941;0.5401;0.6593;1.572.583;0.3886;0.101;0.326;null;null;21UGA010007;75.274;22.846;0;0;3.206;58.537;22.195;57.787;13.487;67.347;56.224;50.437;67.057;60.212;52.669;16.305;75.807;83.596;80.621;41.648;7.387;78.286;63.925;68.315;52.855
Kotido;21UGA008004;21UGA008;36.307.793;0;0.074;0.8628;10.679;0.1252;12.215.258;0.4934;0.1262;0;0.0008;0.6982;0.048;0.9334;0.9542;0.087;67.06;2.434.799.571;0.8956;0.1014;0.8032;328.148;0.0368;0.027;0.076;null;null;21UGA008004;0;34.249;0;21.548;15.096;14.878;5.213;0.2256;17.034;42.274;95.978;98.993;81.964;98.741;7.107;14.617;9.915;86.572;85.064;95.782;90.995;99.429;10;90.751;68.334
Katakwi;21UGA013005;21UGA013;24.277.944;0;0.1935;0.9538;50.032;0.0521;10.763.446;0.8318;0.1898;0;0.0006;12.379;0.1572;0.5867;0.9454;0.103;798.575;1.938.775.699;0.751;0.1268;0.8403;1.514.009;0.1116;0.049;0.197;null;null;21UGA013005;0;47.613;0;1.723;18.489;73.171;14.874;86.366;21.762;57.823;76.912;96.182;85.808;90.549;74.636;0.3402;81.717;95.487;61.806;65.073;72.987;93.143;8.254;76.218;62.078
Kiruhura;21UGA002005;21UGA002;46.021.879;0;0.1459;0.17;10.527;0.1432;1.310.094;0.1221;0.387;0;0.0004;11.098;0.1465;0.6621;0.9373;0.0886;685.281;3.153.794.431;0.6956;0.8392;0.7076;2.195.993;0.2973;0.048;0.396;null;null;21UGA002005;0;71.007;0;12.335;27.485;49.951;93.009;68.074;26.115;43.829;69.607;17.333;7.206;70.211;61.896;10;57.247;84.376;67.326;68.082;81.644;93.429;53.824;79.903;60.656
Buliisa;21UGA004001;21UGA004;20.386.571;0;0.2143;0.7148;37.633;0.0746;6.949.684;0.8507;0.229;0;0.0001;10.614;0.2059;0.5363;0.952;0.0842;508.337;1.036.325.694;0.6195;0.3749;0.7176;2.595.911;0.1227;0.072;0.344;null;null;21UGA004001;0;53.771;0;0.3494;17.686;83.317;12.793;98.593;18.216;39.553;59.573;68.722;73.096;89.333;69.058;32.857;87.209;92.743;69.412;51.378;85.539;86.571;61.328;75.352;59.126
Kamwenge;21UGA014004;21UGA014;24.067.555;0;0.1172;0.5076;7.548;0.0908;12.402.297;0.851;0.2393;0;0.0003;0.6001;0.2012;0.6901;0.96;0.0853;1.800.058;4.332.299.419;0.712;0.8556;0.1865;1.795.697;0.1839;0.035;0.322;78102;0.180278398234111;21UGA014004;0;55.215;0;0.9618;1.963;35.951;1.276;61.281;13.917;40.622;7.177;15.517;18.077;82.631;44.695;58.393;70.443;90.767;89.291;5.27;76.959;97.143;64.502;7.864;52.896
Kyankwanzi;21UGA011006;21UGA011;24.734.928;0;0.1394;0.5602;97.993;0.1108;11.158.633;0.8952;0.2127;0;0.0014;10.208;0.169;0.6693;0.9075;0.0766;792.125;1.959.315.553;0.5952;0.7444;0.785;2.834.743;0.4128;0.046;0.409;null;null;21UGA011006;0;51.349;0;32.094;2.373;4.678;0.7894;66.327;42.128;32.167;56.369;27.825;80.079;57.562;49.785;5.191;6.047;88.328;71.161;61.755;87.588;9.4;51.948;74.529;5.302
Napak;21UGA008008;21UGA008;44.753.574;0;0.0879;0.8957;17.938;0.0296;11.779.541;0.5731;0.1048;0;0.0007;0.7175;0.0498;0.805;0.9436;0.1255;373.705;1.672.464.448;0.904;0.2335;0.768;2.943.857;0.0395;0.061;0.142;null;null;21UGA008008;0;28.177;0;19.452;12.686;21.659;43.356;33.406;2.273;79.689;97.086;84.372;78.318;98.445;72.216;10.562;95.934;98.231;84.232;95.276;88.467;89.714;90.476;87.921;66.501
Buhweju;21UGA002001;21UGA002;7.483.973;0;0.1141;0.4987;83.464;0.0799;16.406.936;0.8669;0.187;0;0;0.9435;0.1144;0.7011;0.9639;0.0685;1.841.053;1.377.838.338;0.6759;0.8865;0.8946;3.164.652;0.2409;0.039;0.261;null;null;21UGA002001;0;47.125;0;0;14.319;34.439;1.101;58.612;11.822;24.295;67.009;12.097;91.433;76.388;50.925;5.949;66.907;92.097;74.493;77.109;90.151;9.6;73.304;81.164;55.234
Kiboga;21UGA011005;21UGA011;1.564.687;0;0.1467;0.5771;118.849;0.1467;11.532.348;0.7924;0.158;0;0.0015;14.149;0.1937;0.7207;0.9147;0.0929;112.927;1.766.954.198;0.5333;0.854;0.7148;2.064.888;0.5356;0.052;0.436;null;null;21UGA011005;0;41.603;0;3.359;2.08;50.341;19.212;53.857;38.259;48.008;48.207;15.695;72.806;44.113;45.464;49.827;51.231;83.949;54.178;54.809;80.211;92.286;48.052;68.096;47.696
Bugiri;21UGA005001;21UGA005;10.537.093;0;0.1407;0.7648;79.952;0.0549;11.289.189;0.8219;0.3947;0;0.0019;12.174;0.1983;0.5827;0.8218;0.056;2.884.407;3.039.327.354;0.6041;0.5994;0.869;131.868;0.4518;0.035;0.289;null;null;21UGA005001;0;71.655;0;39.031;34.134;47.415;15.964;87.336;88.178;12.148;57.542;43.874;88.781;53.291;62.482;26.695;68.462;95.146;62.689;53.515;69.771;97.143;69.264;73.656;5.916
Nebbi;21UGA015006;21UGA015;9.997.747;0;0.155;0.6797;38.892;0.0515;10.124.975;0.8508;0.1959;0;0;0.8472;0.235;0.5814;0.9734;0.0839;2.597.546;2.596.960.178;0.6708;0.1814;0.9204;2.174.532;0.1237;0.049;0.248;null;null;21UGA015006;0;4.865;0;0;14.901;5.439;12.782;87.652;0.6717;39.261;66.337;90.138;94.105;89.224;69.898;37.183;86.652;9.556;78.643;43.195;81.415;93.143;7.518;78.797;60.697
Otuke;21UGA010008;21UGA010;16.511.655;0;0.2343;0.6887;67.551;0.0448;10.613.103;0.9443;0.0995;0;0.0005;15.294;0.1359;0.6492;0.9806;0.1232;475.177;784.596.404;0.7434;0.1338;0.9074;2.722.395;0.0933;0.041;0.192;null;null;21UGA010008;0;26.483;0;14.864;10.972;93.073;0.2488;71.203;0.2848;77.454;7.591;95.407;92.759;92.553;77.576;36.073;73.956;96.378;49.244;71.063;86.647;95.429;83.261;79.155;6.359
Kumi;21UGA013006;21UGA013;10.749.261;0;0.117;0.8707;49.778;0.0757;10.839.881;0.8484;0.1269;0;0.0001;0.9587;0.1362;0.652;0.969;0.0687;2.522.997;2.712.035.253;0.6632;0.3232;0.8298;930.437;0.3057;0.045;0.215;null;null;21UGA013006;0;34.429;0;0.3494;10.644;35.854;13.046;70.524;0.9081;2.449;65.335;74.444;8.472;69.291;55.726;13.643;81.829;92.609;73.838;70.979;61.652;94.286;79.942;76.522;53.374
Kampala;21UGA007001;21UGA007;1.952.034;51.196;0.0637;0.9349;null;0.835;11.811.457;0.635;0.2867;0;0;0.7295;0.3082;0.9427;0.8579;0.0774;120.076.231;23.439.286.844;0.1677;0.9958;0.012;65.845;0.9384;0.375;0.769;103694;0.0442394005799471;21UGA007001;82.476;61.149;0;0;46.283;0.9854;36.541;0;6.878;32.945;0;0;0;0;20.225;0.5731;null;0;83.715;2.261;0;0;0;23.715;30.959
Arua;21UGA015002;21UGA015;4.344.572;22.951;0.1218;0.7155;48.426;0.0944;8.805.461;0.8155;0.2913;0;0.0003;0.7344;0.1399;0.6763;0.8776;0.0835;200.577;8.714.215.679;0.6837;0.2896;0.8212;2.691.602;0.4103;0.064;0.276;270390;0.310286100277679;21UGA015002;74.731;61.672;0;0.9618;44.002;38.195;16.669;64.629;58.195;38.873;68.038;78.163;83.829;57.836;59.666;32.771;82.428;90.328;83.504;69.938;86.382;88.857;7.114;7.887;63.007
Sironko;21UGA006009;21UGA006;4.054.585;0;0.2183;0.791;60.099;0.0778;15.952.807;0.7629;0.173;0;0;10.718;0.2167;0.6358;0.9633;0.0635;6.442.919;2.612.337.316;0.6824;0.9643;0.838;242.85;0.171;0.048;0.31;null;null;21UGA006009;0;44.575;0;0;13.369;85.268;2.246;74.454;12.144;19.436;67.867;0.3486;85.569;84.043;59.832;23.466;77.257;92.353;68.964;48.341;83.987;93.429;66.234;74.583;54.328
Pader;21UGA001008;21UGA001;32.929.961;0;0.1939;0.7317;47.503;0.0716;9.989.192;0.849;0.0944;0;0.0005;13.387;0.2449;0.5888;0.9446;0.1273;703.206;2.315.655.834;0.7252;0.1344;0.8791;3.070.312;0.1203;0.083;0.221;null;null;21UGA001008;0;24.767;0;14.864;10.468;73.366;1.298;85.856;22.192;81.438;7.351;9.534;89.827;89.596;76.736;30.774;82.837;93.109;57.462;40.411;89.446;83.429;79.076;74.864;61.058
Mbale;21UGA006007;21UGA006;5.185.147;18.505;0.0974;0.8756;40.341;0.1854;12.909.791;0.6754;0.1966;0;0;0.3516;0.2095;0.687;0.944;0.066;10.421.857;5.403.887.654;0.5747;0.9619;0.6563;741.842;0.3954;0.108;0.428;null;null;21UGA006007;72.653;48.767;0;0;3.735;26.293;32.093;62.033;22.515;21.866;53.666;0.3752;66.746;59.468;41.835;13.039;8.601;79.229;10;50.366;56.379;76.286;49.206;71.347;52.322
Kakumiro;21UGA004004;21UGA004;16.691.073;0;0.1165;0.5724;234.497;0.1453;11.758.775;0.9227;0.0747;0;0.0003;0.9629;0.143;0.7023;0.9393;0.0711;1.057.739;1.765.480.106;0.6792;0.813;0.8321;2.658.177;0.3361;0.027;0.347;null;null;21UGA004004;0;17.143;0;0.9618;0.6943;3.561;0.4866;58.321;2.504;26.822;67.445;20.232;84.958;65.962;48.686;50.407;0;8.412;73.657;69.066;86.091;99.429;60.895;73.266;48.445
Abim;21UGA008001;21UGA008;27.519.655;0;0.1681;0.9814;36.438;0.0454;11.764.627;0.9187;0.1485;0;0.0003;20.979;0.1486;0.5891;0.9738;0.1464;329.094;90.565.589;0.7861;0.1584;0.8757;275.353;0.1363;0.094;0.241;null;null;21UGA008001;0;39.573;0;0.9618;13.809;6.078;0.5307;85.784;0.6502;10;8.154;92.684;89.475;87.844;78.389;0;87.739;96.304;24.745;67.492;86.911;80.286;7.619;73.778;61.943
Ngora;21UGA013007;21UGA013;7.212.077;0;0.1416;0.9198;54.426;0.0649;1060.33;0.3206;0.2561;0;0.0007;0.7099;0.1707;0.6712;0.9585;0.0662;2.343.806;1.690.371.037;0.6795;0.2735;0.8457;839.358;0.262;0.047;0.233;null;null;21UGA013007;0;57.443;0;19.452;22.833;47.854;71.155;65.866;14.723;2.206;67.484;79.945;86.367;74.077;63.645;0.7592;7.977;93.926;84.559;61.277;59.254;93.714;77.345;7.612;5.838
Mukono;21UGA011010;21UGA011;40.849.857;0;0.1081;0.7822;115.397;0.3156;11.362.303;0.723;0.3799;0;0.0006;0.6754;0.3234;0.8113;0.8678;0.0839;1.703.458;6.958.601.542;0.3897;0.9551;0.4645;732.574;0.8148;0.125;0.562;null;null;21UGA011010;0;70.398;0;1.723;2.823;31.512;26.852;31.878;63.461;39.261;29.272;0.4505;46.877;13.536;33.729;2.455;52.761;63.349;86.046;18.335;56.086;71.429;2.987;54.911;39.944
Kyotara;21UGA012006;21UGA012;9.388.878;43.772;0.0925;0.4262;93.233;0.1861;11.859.553;0.8246;0.1928;0;0;15.758;0.2255;0.8064;0.922;0.0987;2.433.294;2.284.589.059;0.586;0.9777;0.656;1.242.507;0.7227;0.057;0.453;null;null;21UGA012006;80.964;48.127;0;0;41.529;23.902;15.667;33.066;34.336;53.644;55.156;0.2003;66.715;23.623;36.937;68.425;62.579;79.144;47.244;45.866;68.386;90.857;45.599;66.515;49.827
Kabale;21UGA009001;21UGA009;6.159.066;31.601;0.1502;0.8672;74.263;0.1414;19.702.872;0.7706;0.3739;0;0;1.422;0.1465;0.7505;0.9762;0.0933;5.137.877;316445.12;0.5619;0.9892;0.7522;2.274.736;0.1955;0.079;0.4;null;null;21UGA009001;77.818;69.875;0;0;46.948;52.049;21.612;46.628;0.5212;48.397;51.978;0.073;76.681;8.136;48.337;14.074;70.983;84.596;53.872;68.082;82.464;84.571;53.247;68.346;55.471
Amudat;21UGA008002;21UGA008;16.654.827;0;0.0928;0.5351;0.876;0.0151;12.893.739;0.7592;0.2111;0;0.0002;0.6813;0.033;0.8291;null;0.0492;616.894;1.027.426.315;0.8572;0.22;0.7936;3.000.582;0.0408;0.075;0.228;null;null;21UGA008002;0;51.101;0;0.6684;17.325;24.049;22.867;27.559;null;0.5539;90.915;85.866;8.097;98.302;67.395;55.004;10;10;85.792;10;88.912;85.714;78.066;90.218;67.029
Mayuge;21UGA005009;21UGA005;33.814.853;0;0.0855;0.7368;111.552;0.0949;11.469.238;0.788;0.6668;0;0.001;1.222;0.187;0.6147;0.8021;0.0638;943.766;3.191.332.079;0.5704;0.8267;0.7593;1.070.404;0.6077;0.05;0.335;null;null;21UGA005009;0;88.904;0;2.541;41.488;20.488;19.696;79.573;98.764;19.728;53.099;18.716;77.416;36.217;56.984;30.145;54.464;90.267;62.491;56.693;64.915;92.857;62.626;68.764;5.687
Bushenyi;21UGA002002;21UGA002;8.048.978;58.942;0.1086;0.5799;90.475;0.1958;15.199.754;0.7485;0.1562;0;0;11.788;0.2415;0.8031;0.9604;0.0893;4.215.683;3.393.192.589;0.5843;0.9828;0.6866;195.191;0.3853;0.088;0.453;null;null;21UGA002002;83.836;41.228;0;0;41.463;31.756;24.045;33.867;13.702;44.509;54.931;0.1439;69.885;60.574;40.356;49.482;63.801;77.961;64.353;41.367;78.901;8.2;45.599;6.531;50.226
Nakaseke;21UGA011011;21UGA011;34.775.042;0;0.1058;0.7053;33.175;0.1741;10.910.452;0.817;0.3154;0;0.001;10.616;0.2771;0.7259;0.8974;0.086;650.108;2.260.753.465;0.4715;0.8627;0.7062;1.283.547;0.6399;0.071;0.505;null;null;21UGA011011;0;64.283;0;2.541;27.213;3.039;16.503;52.596;47.555;41.302;40.058;14.732;71.915;32.691;40.849;34.028;89.184;80.607;69.403;31.355;69.142;86.857;38.095;67.643;47.595
Mityana;21UGA011008;21UGA011;15.983.087;2.279;0.1285;0.4652;10.848;0.1903;12.089.395;0.8099;0.2206;0;0.0004;12.306;0.2555;0.7834;0.8927;0.095;2.745.347;4.387.912.529;0.5428;0.9716;0.6767;1.110.572;0.6679;0.056;0.483;null;null;21UGA011008;74.663;52.545;0;12.335;41.539;41.463;17.285;38.646;50.081;50.049;49.459;0.2678;68.859;29.624;4.106;63.618;55.825;78.632;6.212;3.743;65.772;91.143;4.127;6.528;50.437
Isingiro;21UGA002004;21UGA002;26.479.253;41.105;0.1127;0.2855;3.124;0.1153;13.781.507;0.8498;0.2229;0;0.0004;13.154;0.1459;0.7;0.9405;0.0744;1.837.503;4.865.570.311;0.6576;0.9122;0.826;2.313.226;0.262;0.044;0.352;112745;0.231720009860646;21UGA002004;80.357;52.885;0;12.335;44.529;33.756;12.892;58.879;24.395;30.029;64.597;0.9253;84.326;74.077;4.933;85.765;90.042;87.779;58.466;68.251;82.855;94.571;60.173;81.036;61.283
Ntoroko;21UGA014008;21UGA014;13.981.554;0;0.1169;0.4962;57.205;0.1043;7.142.177;0.7394;0.9341;0;0.0143;10.726;0.2819;0.6064;0.9485;0.0808;600.137;839.084.216;0.6524;0.753;0.5678;1.741.439;0.0865;0.061;0.413;null;null;21UGA014008;0;10;0;10;75.975;35.805;25.047;81.587;20.097;36.249;63.911;26.873;57.578;93.298;55.676;59.798;78.539;89.121;68.929;30.006;76.245;89.714;51.371;71.886;68.678
Bundibugyo;21UGA014001;21UGA014;8.512.592;0;0.1633;0.5542;71.712;0.1062;15.075.771;0.8283;0.212;0.0035;0.0002;1.154;0.1795;0.6183;0.9571;0.0689;2.850.338;2.426.376.203;0.6479;0.9629;0.7558;2.913.434;0.1868;0.067;0.385;null;null;21UGA014001;0;5.124;70.673;0.6684;38.309;58.439;15.259;7.87;15.476;24.684;63.318;0.3641;77.054;82.313;53.665;5.265;72.113;88.889;65.421;58.802;88.225;8.8;55.411;74.039;57.389
Nwoya;21UGA001006;21UGA001;47.108.123;314.367;0.2159;0.4719;11.946;0.0636;8.911.635;0.835;0.4268;0;0.0004;26.721;0.1416;0.6268;0.8863;0.1098;13.505;636.197.874;0.732;0.1419;0.9773;3.389.923;0.0826;0.066;0.254;null;null;21UGA001006;10;74.225;0;12.335;65.058;84.098;14.522;76.638;5.352;64.431;74.407;9.451;10;93.725;79.856;62.793;50.961;94.085;0;6.946;91.752;88.286;74.315;7.384;73.396
Kiryandongo;21UGA004007;21UGA004;36.235.448;0;0.1298;0.8061;48.666;0.1147;10.250.055;0.84;0.044;0;0.0008;0.7512;0.1643;0.5661;0.9248;0.0794;844.942;3.061.686.178;0.6699;0.3406;0.8228;2.911.572;0.2566;0.061;0.351;57639;0.1882590071894;21UGA004007;0;0;0;21.548;0.583;42.098;13.971;91.363;32.832;34.888;66.218;72.518;83.995;74.669;63.112;21.605;82.322;87.852;8.278;63.076;88.211;89.714;60.317;76.562;5.522
Namisindwa;21UGA006008;21UGA006;3.225.981;0;0.2385;0.8036;52.007;0.0389;16.163.461;0.8169;0.1933;0;0;0.5324;0.1962;0.6647;0.9763;0.0517;7.569.749;2.441.986.558;0.5517;0.8746;0.8591;1.390.001;0.1906;0.047;0.285;null;null;21UGA006008;0;48.212;0;0;14.733;95.122;16.514;67.443;0.5159;0.7969;50.633;13.414;87.755;81.897;58.846;21.913;80.842;97.097;92.209;54.106;70.997;93.714;69.841;78.847;56.539
Rakai;21UGA012011;21UGA012;31.013.399;0;0.0946;0.2154;77.544;0.1135;12.233.009;0.8558;0.3895;0;0.0003;12.803;0.1637;0.6871;0.9398;0.0835;1.334.774;4.139.587.878;0.6352;0.8938;0.7928;145.576;0.5172;0.031;0.372;null;null;21UGA012011;0;71.219;0;0.9618;27.028;24.927;12.232;62.009;24.772;38.873;61.643;11.289;80.887;46.129;44.646;94.405;69.529;87.999;59.978;63.245;72.073;98.286;57.287;79.261;54.859
Oyam;21UGA010009;21UGA010;2.249.865;0;0.1645;0.6712;3.734;0.0696;10.680.993;0.8408;0.1167;0;0.0006;0.6265;0.1496;0.6613;0.9603;0.0948;1.773.623;3.990.412.541;0.6934;0.2407;0.911;1.725.083;0.1863;0.05;0.235;null;null;21UGA010009;0;3.169;0;1.723;1.316;59.024;13.883;68.268;13.756;49.854;69.317;83.575;93.132;82.368;66.027;3.823;87.339;93.353;88.153;6.721;76.025;92.857;77.056;80.997;60.068
Koboko;21UGA015003;21UGA015;7.613.281;0;0.1335;0.618;48.676;0.0693;10.745.768;0.8515;0.2379;0;0;0.8675;0.2013;0.5651;0.9783;0.0662;2.725.424;2.074.938.098;0.7056;0.1079;0.904;3.518.815;0.2813;0.058;0.305;4623;0.0222801827489817;21UGA015003;0;55.023;0;0;17.455;43.902;12.705;91.606;0.4084;2.206;70.926;98.273;92.407;71.964;68.487;44.787;82.317;93.389;77.768;52.672;92.621;90.571;66.955;79.088;60.735
Bulambuli;21UGA006003;21UGA006;6.947.886;0;0.181;0.6508;68.162;0.051;16.424.134;0.6664;0.1149;0;0.0003;15.068;0.1256;0.6954;0.9572;0.086;2.005.976;1.393.730.538;0.7679;0.883;0.8528;4.011.496;0.0662;0.062;0.271;null;null;21UGA006003;0;31.182;0;0.9618;11.073;67.073;33.084;59.995;15.422;41.302;7.914;12.485;87.102;95.521;62.986;40.744;73.685;95.621;50.218;7.396;95.671;89.429;71.861;78.717;57.284
Gomba;21UGA012003;21UGA012;16.706.293;0;0.1253;0.5081;89.581;0.1317;12.098.585;0.2103;0.1928;0;0.0004;0.777;0.2058;0.7279;0.9179;0.0904;1.309.658;218795.4;0.6479;0.8902;0.7911;127.234;0.5224;0.031;0.382;null;null;21UGA012003;0;48.127;0;12.335;17.495;39.902;83.298;52.111;36.539;45.578;63.318;11.688;80.711;45.559;55.121;58.331;64.197;85.779;81.668;51.406;68.938;98.286;55.844;74.404;53.381
Moyo;21UGA015005;21UGA015;17.126.731;132.812;0.1117;0.9254;29.883;0.0948;7.811.953;0.8772;0.0929;0;0.0036;12.949;0.1359;0.6606;0.9859;0.1037;1.758.524;3.011.774.944;0.6597;0.1109;0.8868;2.722.546;0.4636;0.054;0.322;151304;0.502374854856241;21UGA015005;9.168;24.244;0;55.943;54.396;33.268;0.9876;68.438;0;58.503;64.873;97.941;90.625;51.999;6.274;0.6902;90.643;90.279;59.349;71.063;86.648;91.714;64.502;76.547;65.511
Kibuku;21UGA003005;21UGA003;4.902.756;0;0.0435;0.9474;50.425;0.0502;10.779.664;0.8469;0.1235;0;0.0002;0.666;0.1811;0.5809;0.9772;0.0435;4.287.656;2.102.133.313;0.6553;0.6667;0.8894;898.087;0.6331;0.025;0.226;null;null;21UGA003005;0;33.541;0;0.6684;1.111;0;13.211;87.773;0.4675;0;64.293;36.425;90.894;33.436;47.739;0.419;81.543;95.719;86.451;58.352;60.828;10;78.355;78.901;52.231
Kassanda;21UGA011003;21UGA011;19.034.455;0;0.1529;0.3145;84.786;0.1379;12.298.977;0.8394;0.2138;0;0;0.9107;0.1627;0.7244;0.9155;0.0835;1.673.014;3.184.491.993;0.6417;0.9098;0.8163;2.038.665;0.4883;null;null;null;null;21UGA011003;0;51.518;0;0;16.025;53.366;14.037;5.296;37.829;38.873;6.25;0.9519;83.321;49.294;48.569;82.191;66.321;85.023;75.906;63.526;79.913;null;null;76.344;51.979
Hoima;21UGA004002;21UGA004;26.508.548;0;0.1361;0.7158;62.731;0.1893;8.805.343;0.4463;0.1435;0;0.0001;0.9136;0.1982;0.7106;0.9254;0.0707;123.88;3.283.879.538;0.6086;0.6967;0.6399;2.401.061;0.4539;0.065;0.414;83558;0.254449041169676;21UGA004002;0;38.452;0;0.3494;11.989;45.171;57.316;56.308;32.509;26.433;58.136;33.105;65.047;53.061;48.733;32.734;76.091;78.754;75.781;53.543;83.722;88.571;51.227;71.017;48.292
Kwania;21UGA010006;21UGA010;14.101.387;0;0.2088;0.8954;42.409;0.048;10.572.252;0.8868;0.0742;0;0.0003;0.8482;0.1432;0.7222;0.9714;0.0933;1.337.743;1.886.403.784;0.6218;0.2764;0.9086;1.585.078;0.1784;null;null;null;null;21UGA010006;0;16.925;0;0.9618;0.6883;80.634;0.8819;53.493;0.7792;48.397;59.876;79.624;92.883;83.233;64.936;10.599;85.094;95.987;78.599;6.901;74.055;null;null;75.598;55.615
Kapelebyong;21UGA013004;21UGA013;12.075.593;0;0.2485;0.9747;60.493;0.0458;10.814.572;0.8816;0.0948;0;0.0005;12.099;0.1689;0.6182;0.9521;0.0804;82.136;99.184.115;0.7294;0.1234;0.8997;1.782.351;0.0906;null;null;null;null;21UGA013004;0;24.904;0;14.864;10.508;10;0.9391;78.724;18.162;3.586;74.064;96.558;91.961;92.849;77.966;0.0826;77.083;96.256;63.012;61.783;76.785;null;null;70.418;59.725
Nabilatuk;21UGA008006;21UGA008;18.051.479;0;0.0987;0.9176;36.568;0.0262;11.808.665;0.7111;0.2943;0;0.001;0.8311;0.0354;0.8209;0.9464;0.1464;33.328;601.618.719;0.9003;0.0923;0.8587;3.531.002;0.0253;null;null;null;null;21UGA008006;0;62.008;0;2.541;26.212;26.927;28.163;29.549;21.225;10;96.598;10;87.714;10;80.465;0.7863;87.681;98.646;79.336;99.325;92.701;null;null;86.772;71.252
Bugweri;21UGA005002;21UGA005;3.789.439;0;0.137;0.8885;53.019;0.0889;11.119.664;0.7623;0.2233;0;0.0001;0.8667;0.2407;0.6269;0.9551;0.0481;5.176.421;1.961.573.344;0.5786;0.8765;0.7737;1.039.185;0.7489;null;null;null;null;21UGA005002;0;52.944;0;0.3494;17.351;4.561;22.526;76.613;1.655;0.447;5.418;13.204;78.908;20.753;42.719;11.449;80.394;90.999;77.802;41.592;64.226;null;null;67.709;45.821
