,station,time,dis,dis7
0,G6112,1997-01-02,,
1,G6112,1997-01-05,,
2,G6112,1997-01-09,,
3,G6112,1997-01-12,,
4,G6112,1997-01-16,,
5,G6112,1997-01-19,,
6,G6112,1997-01-23,,
7,G6112,1997-01-26,,
8,G6112,1997-01-30,,
9,G6112,1997-02-02,,
10,G6112,1997-02-06,,
11,G6112,1997-02-09,,
12,G6112,1997-02-13,,
13,G6112,1997-02-16,,
14,G6112,1997-02-20,,
15,G6112,1997-02-23,,
16,G6112,1997-02-27,,
17,G6112,1997-03-02,,
18,G6112,1997-03-06,,
19,G6112,1997-03-09,,
20,G6112,1997-03-13,,
21,G6112,1997-03-16,,
22,G6112,1997-03-20,,
23,G6112,1997-03-23,,
24,G6112,1997-03-27,,
25,G6112,1997-03-30,,
26,G6112,1997-04-03,,
27,G6112,1997-04-06,,
28,G6112,1997-04-10,,
29,G6112,1997-04-13,,
30,G6112,1997-04-17,,
31,G6112,1997-04-20,,
32,G6112,1997-04-24,,
33,G6112,1997-04-27,,
34,G6112,1997-05-01,,
35,G6112,1997-05-04,,
36,G6112,1997-05-08,,
37,G6112,1997-05-11,,
38,G6112,1997-05-15,,
39,G6112,1997-05-18,,
40,G6112,1997-05-22,,
41,G6112,1997-05-25,,
42,G6112,1997-05-29,,
43,G6112,1997-06-01,,
44,G6112,1997-06-05,,
45,G6112,1997-06-08,,
46,G6112,1997-06-12,,
47,G6112,1997-06-15,,
48,G6112,1997-06-19,,
49,G6112,1997-06-22,,
50,G6112,1997-06-26,,
51,G6112,1997-06-29,,
52,G6112,1997-07-03,,
53,G6112,1997-07-06,,
54,G6112,1997-07-10,,
55,G6112,1997-07-13,,
56,G6112,1997-07-17,,
57,G6112,1997-07-20,,
58,G6112,1997-07-24,,
59,G6112,1997-07-27,,
60,G6112,1997-07-31,,
61,G6112,1997-08-03,,
62,G6112,1997-08-07,,
63,G6112,1997-08-10,,
64,G6112,1997-08-14,,
65,G6112,1997-08-17,,
66,G6112,1997-08-21,,
67,G6112,1997-08-24,,
68,G6112,1997-08-28,,
69,G6112,1997-08-31,,
70,G6112,1997-09-04,,
71,G6112,1997-09-07,,
72,G6112,1997-09-11,,
73,G6112,1997-09-14,,
74,G6112,1997-09-18,,
75,G6112,1997-09-21,,
76,G6112,1997-09-25,,
77,G6112,1997-09-28,,
78,G6112,1997-10-02,,
79,G6112,1997-10-05,,
80,G6112,1997-10-09,,
81,G6112,1997-10-12,,
82,G6112,1997-10-16,,
83,G6112,1997-10-19,,
84,G6112,1997-10-23,,
85,G6112,1997-10-26,,
86,G6112,1997-10-30,,
87,G6112,1997-11-02,,
88,G6112,1997-11-06,,
89,G6112,1997-11-09,,
90,G6112,1997-11-13,,
91,G6112,1997-11-16,,
92,G6112,1997-11-20,,
93,G6112,1997-11-23,,
94,G6112,1997-11-27,,
95,G6112,1997-11-30,,
96,G6112,1997-12-04,,
97,G6112,1997-12-07,,
98,G6112,1997-12-11,,
99,G6112,1997-12-14,,
100,G6112,1997-12-18,,
101,G6112,1997-12-21,,
102,G6112,1997-12-25,,
103,G6112,1997-12-28,,
104,G6112,1998-01-02,,
105,G6112,1998-01-05,,
106,G6112,1998-01-09,,
107,G6112,1998-01-12,,
108,G6112,1998-01-16,,
109,G6112,1998-01-19,,
110,G6112,1998-01-23,,
111,G6112,1998-01-26,,
112,G6112,1998-01-30,,
113,G6112,1998-02-02,,
114,G6112,1998-02-06,,
115,G6112,1998-02-09,,
116,G6112,1998-02-13,,
117,G6112,1998-02-16,,
118,G6112,1998-02-20,,
119,G6112,1998-02-23,,
120,G6112,1998-02-27,,
121,G6112,1998-03-02,,
122,G6112,1998-03-06,,
123,G6112,1998-03-09,,
124,G6112,1998-03-13,,
125,G6112,1998-03-16,,
126,G6112,1998-03-20,,
127,G6112,1998-03-23,,
128,G6112,1998-03-27,,
129,G6112,1998-03-30,,
130,G6112,1998-04-03,,
131,G6112,1998-04-06,,
132,G6112,1998-04-10,,
133,G6112,1998-04-13,,
134,G6112,1998-04-17,,
135,G6112,1998-04-20,,
136,G6112,1998-04-24,,
137,G6112,1998-04-27,,
138,G6112,1998-05-01,,
139,G6112,1998-05-04,,
140,G6112,1998-05-08,,
141,G6112,1998-05-11,,
142,G6112,1998-05-15,,
143,G6112,1998-05-18,,
144,G6112,1998-05-22,,
145,G6112,1998-05-25,,
146,G6112,1998-05-29,,
147,G6112,1998-06-01,,
148,G6112,1998-06-05,,
149,G6112,1998-06-08,,
150,G6112,1998-06-12,,
151,G6112,1998-06-15,,
152,G6112,1998-06-19,,
153,G6112,1998-06-22,,
154,G6112,1998-06-26,,
155,G6112,1998-06-29,,
156,G6112,1998-07-03,,
157,G6112,1998-07-06,,
158,G6112,1998-07-10,,
159,G6112,1998-07-13,,
160,G6112,1998-07-17,,
161,G6112,1998-07-20,,
162,G6112,1998-07-24,,
163,G6112,1998-07-27,,
164,G6112,1998-07-31,,
165,G6112,1998-08-03,,
166,G6112,1998-08-07,,
167,G6112,1998-08-10,,
168,G6112,1998-08-14,,
169,G6112,1998-08-17,,
170,G6112,1998-08-21,,
171,G6112,1998-08-24,,
172,G6112,1998-08-28,,
173,G6112,1998-08-31,,
174,G6112,1998-09-04,,
175,G6112,1998-09-07,,
176,G6112,1998-09-11,,
177,G6112,1998-09-14,,
178,G6112,1998-09-18,,
179,G6112,1998-09-21,,
180,G6112,1998-09-25,,
181,G6112,1998-09-28,,
182,G6112,1998-10-02,,
183,G6112,1998-10-05,,
184,G6112,1998-10-09,,
185,G6112,1998-10-12,,
186,G6112,1998-10-16,,
187,G6112,1998-10-19,,
188,G6112,1998-10-23,,
189,G6112,1998-10-26,,
190,G6112,1998-10-30,,
191,G6112,1998-11-02,,
192,G6112,1998-11-06,,
193,G6112,1998-11-09,,
194,G6112,1998-11-13,,
195,G6112,1998-11-16,,
196,G6112,1998-11-20,,
197,G6112,1998-11-23,,
198,G6112,1998-11-27,,
199,G6112,1998-11-30,,
200,G6112,1998-12-04,,
201,G6112,1998-12-07,,
202,G6112,1998-12-11,,
203,G6112,1998-12-14,,
204,G6112,1998-12-18,,
205,G6112,1998-12-21,,
206,G6112,1998-12-25,,
207,G6112,1998-12-28,,
208,G6112,1999-01-02,,
209,G6112,1999-01-05,,
210,G6112,1999-01-09,,
211,G6112,1999-01-12,,
212,G6112,1999-01-16,,
213,G6112,1999-01-19,,
214,G6112,1999-01-23,,
215,G6112,1999-01-26,,
216,G6112,1999-01-30,,
217,G6112,1999-02-02,,
218,G6112,1999-02-06,,
219,G6112,1999-02-09,,
220,G6112,1999-02-13,,
221,G6112,1999-02-16,,
222,G6112,1999-02-20,,
223,G6112,1999-02-23,,
224,G6112,1999-02-27,,
225,G6112,1999-03-02,,
226,G6112,1999-03-06,,
227,G6112,1999-03-09,,
228,G6112,1999-03-13,,
229,G6112,1999-03-16,,
230,G6112,1999-03-20,,
231,G6112,1999-03-23,,
232,G6112,1999-03-27,,
233,G6112,1999-03-30,,
234,G6112,1999-04-03,,
235,G6112,1999-04-06,,
236,G6112,1999-04-10,,
237,G6112,1999-04-13,,
238,G6112,1999-04-17,,
239,G6112,1999-04-20,,
240,G6112,1999-04-24,,
241,G6112,1999-04-27,,
242,G6112,1999-05-01,,
243,G6112,1999-05-04,,
244,G6112,1999-05-08,,
245,G6112,1999-05-11,,
246,G6112,1999-05-15,,
247,G6112,1999-05-18,,
248,G6112,1999-05-22,,
249,G6112,1999-05-25,,
250,G6112,1999-05-29,,
251,G6112,1999-06-01,,
252,G6112,1999-06-05,,
253,G6112,1999-06-08,,
254,G6112,1999-06-12,,
255,G6112,1999-06-15,,
256,G6112,1999-06-19,,
257,G6112,1999-06-22,,
258,G6112,1999-06-26,,
259,G6112,1999-06-29,,
260,G6112,1999-07-03,,
261,G6112,1999-07-06,,
262,G6112,1999-07-10,,
263,G6112,1999-07-13,,
264,G6112,1999-07-17,,
265,G6112,1999-07-20,,
266,G6112,1999-07-24,,
267,G6112,1999-07-27,,
268,G6112,1999-07-31,,
269,G6112,1999-08-03,,
270,G6112,1999-08-07,,
271,G6112,1999-08-10,,
272,G6112,1999-08-14,,
273,G6112,1999-08-17,,
274,G6112,1999-08-21,,
275,G6112,1999-08-24,,
276,G6112,1999-08-28,,
277,G6112,1999-08-31,,
278,G6112,1999-09-04,,
279,G6112,1999-09-07,,
280,G6112,1999-09-11,,
281,G6112,1999-09-14,,
282,G6112,1999-09-18,,
283,G6112,1999-09-21,,
284,G6112,1999-09-25,,
285,G6112,1999-09-28,,
286,G6112,1999-10-02,,
287,G6112,1999-10-05,,
288,G6112,1999-10-09,,
289,G6112,1999-10-12,,
290,G6112,1999-10-16,,
291,G6112,1999-10-19,,
292,G6112,1999-10-23,,
293,G6112,1999-10-26,,
294,G6112,1999-10-30,,
295,G6112,1999-11-02,,
296,G6112,1999-11-06,,
297,G6112,1999-11-09,,
298,G6112,1999-11-13,,
299,G6112,1999-11-16,,
300,G6112,1999-11-20,,
301,G6112,1999-11-23,,
302,G6112,1999-11-27,,
303,G6112,1999-11-30,,
304,G6112,1999-12-04,,
305,G6112,1999-12-07,,
306,G6112,1999-12-11,,
307,G6112,1999-12-14,,
308,G6112,1999-12-18,,
309,G6112,1999-12-21,,
310,G6112,1999-12-25,,
311,G6112,1999-12-28,,
312,G6112,2000-01-02,,
313,G6112,2000-01-05,,
314,G6112,2000-01-09,,
315,G6112,2000-01-12,,
316,G6112,2000-01-16,,
317,G6112,2000-01-19,,
318,G6112,2000-01-23,,
319,G6112,2000-01-26,,
320,G6112,2000-01-30,,
321,G6112,2000-02-02,,
322,G6112,2000-02-06,,
323,G6112,2000-02-09,,
324,G6112,2000-02-13,,
325,G6112,2000-02-16,,
326,G6112,2000-02-20,,
327,G6112,2000-02-23,,
328,G6112,2000-02-27,,
329,G6112,2000-03-02,,
330,G6112,2000-03-06,,
331,G6112,2000-03-09,,
332,G6112,2000-03-13,,
333,G6112,2000-03-16,,
334,G6112,2000-03-20,,
335,G6112,2000-03-23,,
336,G6112,2000-03-27,,
337,G6112,2000-03-30,,
338,G6112,2000-04-03,,
339,G6112,2000-04-06,,
340,G6112,2000-04-10,,
341,G6112,2000-04-13,,
342,G6112,2000-04-17,,
343,G6112,2000-04-20,,
344,G6112,2000-04-24,,
345,G6112,2000-04-27,,
346,G6112,2000-05-01,,
347,G6112,2000-05-04,,
348,G6112,2000-05-08,,
349,G6112,2000-05-11,,
350,G6112,2000-05-15,,
351,G6112,2000-05-18,,
352,G6112,2000-05-22,,
353,G6112,2000-05-25,,
354,G6112,2000-05-29,,
355,G6112,2000-06-01,,
356,G6112,2000-06-05,,
357,G6112,2000-06-08,,
358,G6112,2000-06-12,,
359,G6112,2000-06-15,,
360,G6112,2000-06-19,,
361,G6112,2000-06-22,,
362,G6112,2000-06-26,,
363,G6112,2000-06-29,,
364,G6112,2000-07-03,,
365,G6112,2000-07-06,,
366,G6112,2000-07-10,,
367,G6112,2000-07-13,,
368,G6112,2000-07-17,,
369,G6112,2000-07-20,,
370,G6112,2000-07-24,,
371,G6112,2000-07-27,,
372,G6112,2000-07-31,,
373,G6112,2000-08-03,,
374,G6112,2000-08-07,,
375,G6112,2000-08-10,,
376,G6112,2000-08-14,,
377,G6112,2000-08-17,,
378,G6112,2000-08-21,,
379,G6112,2000-08-24,,
380,G6112,2000-08-28,,
381,G6112,2000-08-31,,
382,G6112,2000-09-04,,
383,G6112,2000-09-07,,
384,G6112,2000-09-11,,
385,G6112,2000-09-14,,
386,G6112,2000-09-18,,
387,G6112,2000-09-21,,
388,G6112,2000-09-25,,
389,G6112,2000-09-28,,
390,G6112,2000-10-02,,
391,G6112,2000-10-05,,
392,G6112,2000-10-09,,
393,G6112,2000-10-12,,
394,G6112,2000-10-16,,
395,G6112,2000-10-19,,
396,G6112,2000-10-23,,
397,G6112,2000-10-26,,
398,G6112,2000-10-30,,
399,G6112,2000-11-02,,
400,G6112,2000-11-06,,
401,G6112,2000-11-09,,
402,G6112,2000-11-13,,
403,G6112,2000-11-16,,
404,G6112,2000-11-20,,
405,G6112,2000-11-23,,
406,G6112,2000-11-27,,
407,G6112,2000-11-30,,
408,G6112,2000-12-04,,
409,G6112,2000-12-07,,
410,G6112,2000-12-11,,
411,G6112,2000-12-14,,
412,G6112,2000-12-18,,
413,G6112,2000-12-21,,
414,G6112,2000-12-25,,
415,G6112,2000-12-28,,
416,G6112,2001-01-02,,
417,G6112,2001-01-05,,
418,G6112,2001-01-09,,
419,G6112,2001-01-12,,
420,G6112,2001-01-16,,
421,G6112,2001-01-19,,
422,G6112,2001-01-23,,
423,G6112,2001-01-26,,
424,G6112,2001-01-30,,
425,G6112,2001-02-02,,
426,G6112,2001-02-06,,
427,G6112,2001-02-09,,
428,G6112,2001-02-13,,
429,G6112,2001-02-16,,
430,G6112,2001-02-20,,
431,G6112,2001-02-23,,
432,G6112,2001-02-27,,
433,G6112,2001-03-02,,
434,G6112,2001-03-06,,
435,G6112,2001-03-09,,
436,G6112,2001-03-13,,
437,G6112,2001-03-16,,
438,G6112,2001-03-20,,
439,G6112,2001-03-23,,
440,G6112,2001-03-27,,
441,G6112,2001-03-30,,
442,G6112,2001-04-03,,
443,G6112,2001-04-06,,
444,G6112,2001-04-10,,
445,G6112,2001-04-13,,
446,G6112,2001-04-17,,
447,G6112,2001-04-20,,
448,G6112,2001-04-24,,
449,G6112,2001-04-27,,
450,G6112,2001-05-01,,
451,G6112,2001-05-04,,
452,G6112,2001-05-08,,
453,G6112,2001-05-11,,
454,G6112,2001-05-15,,
455,G6112,2001-05-18,,
456,G6112,2001-05-22,,
457,G6112,2001-05-25,,
458,G6112,2001-05-29,,
459,G6112,2001-06-01,,
460,G6112,2001-06-05,,
461,G6112,2001-06-08,,
462,G6112,2001-06-12,,
463,G6112,2001-06-15,,
464,G6112,2001-06-19,,
465,G6112,2001-06-22,,
466,G6112,2001-06-26,,
467,G6112,2001-06-29,,
468,G6112,2001-07-03,,
469,G6112,2001-07-06,,
470,G6112,2001-07-10,,
471,G6112,2001-07-13,,
472,G6112,2001-07-17,,
473,G6112,2001-07-20,,
474,G6112,2001-07-24,,
475,G6112,2001-07-27,,
476,G6112,2001-07-31,,
477,G6112,2001-08-03,,
478,G6112,2001-08-07,,
479,G6112,2001-08-10,,
480,G6112,2001-08-14,,
481,G6112,2001-08-17,,
482,G6112,2001-08-21,,
483,G6112,2001-08-24,,
484,G6112,2001-08-28,,
485,G6112,2001-08-31,,
486,G6112,2001-09-04,,
487,G6112,2001-09-07,,
488,G6112,2001-09-11,,
489,G6112,2001-09-14,,
490,G6112,2001-09-18,,
491,G6112,2001-09-21,,
492,G6112,2001-09-25,,
493,G6112,2001-09-28,,
494,G6112,2001-10-02,,
495,G6112,2001-10-05,,
496,G6112,2001-10-09,,
497,G6112,2001-10-12,,
498,G6112,2001-10-16,,
499,G6112,2001-10-19,,
500,G6112,2001-10-23,,
501,G6112,2001-10-26,,
502,G6112,2001-10-30,,
503,G6112,2001-11-02,,
504,G6112,2001-11-06,,
505,G6112,2001-11-09,,
506,G6112,2001-11-13,,
507,G6112,2001-11-16,,
508,G6112,2001-11-20,,
509,G6112,2001-11-23,,
510,G6112,2001-11-27,,
511,G6112,2001-11-30,,
512,G6112,2001-12-04,,
513,G6112,2001-12-07,,
514,G6112,2001-12-11,,
515,G6112,2001-12-14,,
516,G6112,2001-12-18,,
517,G6112,2001-12-21,,
518,G6112,2001-12-25,,
519,G6112,2001-12-28,,
520,G6112,2002-01-02,,
521,G6112,2002-01-05,,
522,G6112,2002-01-09,,
523,G6112,2002-01-12,,
524,G6112,2002-01-16,,
525,G6112,2002-01-19,,
526,G6112,2002-01-23,,
527,G6112,2002-01-26,,
528,G6112,2002-01-30,,
529,G6112,2002-02-02,,
530,G6112,2002-02-06,,
531,G6112,2002-02-09,,
532,G6112,2002-02-13,,
533,G6112,2002-02-16,,
534,G6112,2002-02-20,,
535,G6112,2002-02-23,,
536,G6112,2002-02-27,,
537,G6112,2002-03-02,,
538,G6112,2002-03-06,,
539,G6112,2002-03-09,,
540,G6112,2002-03-13,,
541,G6112,2002-03-16,,
542,G6112,2002-03-20,,
543,G6112,2002-03-23,,
544,G6112,2002-03-27,,
545,G6112,2002-03-30,,
546,G6112,2002-04-03,,
547,G6112,2002-04-06,,
548,G6112,2002-04-10,,
549,G6112,2002-04-13,,
550,G6112,2002-04-17,,
551,G6112,2002-04-20,,
552,G6112,2002-04-24,,
553,G6112,2002-04-27,,
554,G6112,2002-05-01,,
555,G6112,2002-05-04,,
556,G6112,2002-05-08,,
557,G6112,2002-05-11,,
558,G6112,2002-05-15,,
559,G6112,2002-05-18,,
560,G6112,2002-05-22,,
561,G6112,2002-05-25,,
562,G6112,2002-05-29,,
563,G6112,2002-06-01,,
564,G6112,2002-06-05,,
565,G6112,2002-06-08,,
566,G6112,2002-06-12,,
567,G6112,2002-06-15,,
568,G6112,2002-06-19,,
569,G6112,2002-06-22,,
570,G6112,2002-06-26,,
571,G6112,2002-06-29,,
572,G6112,2002-07-03,,
573,G6112,2002-07-06,,
574,G6112,2002-07-10,,
575,G6112,2002-07-13,,
576,G6112,2002-07-17,,
577,G6112,2002-07-20,,
578,G6112,2002-07-24,,
579,G6112,2002-07-27,,
580,G6112,2002-07-31,,
581,G6112,2002-08-03,,
582,G6112,2002-08-07,,
583,G6112,2002-08-10,,
584,G6112,2002-08-14,,
585,G6112,2002-08-17,,
586,G6112,2002-08-21,,
587,G6112,2002-08-24,,
588,G6112,2002-08-28,,
589,G6112,2002-08-31,,
590,G6112,2002-09-04,,
591,G6112,2002-09-07,,
592,G6112,2002-09-11,,
593,G6112,2002-09-14,,
594,G6112,2002-09-18,,
595,G6112,2002-09-21,,
596,G6112,2002-09-25,,
597,G6112,2002-09-28,,
598,G6112,2002-10-02,,
599,G6112,2002-10-05,,
600,G6112,2002-10-09,,
601,G6112,2002-10-12,,
602,G6112,2002-10-16,,
603,G6112,2002-10-19,,
604,G6112,2002-10-23,,
605,G6112,2002-10-26,,
606,G6112,2002-10-30,,
607,G6112,2002-11-02,,
608,G6112,2002-11-06,,
609,G6112,2002-11-09,,
610,G6112,2002-11-13,,
611,G6112,2002-11-16,,
612,G6112,2002-11-20,,
613,G6112,2002-11-23,,
614,G6112,2002-11-27,,
615,G6112,2002-11-30,,
616,G6112,2002-12-04,,
617,G6112,2002-12-07,,
618,G6112,2002-12-11,,
619,G6112,2002-12-14,,
620,G6112,2002-12-18,,
621,G6112,2002-12-21,,
622,G6112,2002-12-25,,
623,G6112,2002-12-28,,
624,G6112,2003-01-02,,
625,G6112,2003-01-05,,
626,G6112,2003-01-09,,
627,G6112,2003-01-12,,
628,G6112,2003-01-16,,
629,G6112,2003-01-19,,
630,G6112,2003-01-23,,
631,G6112,2003-01-26,,
632,G6112,2003-01-30,,
633,G6112,2003-02-02,,
634,G6112,2003-02-06,,
635,G6112,2003-02-09,,
636,G6112,2003-02-13,,
637,G6112,2003-02-16,,
638,G6112,2003-02-20,,
639,G6112,2003-02-23,,
640,G6112,2003-02-27,,
641,G6112,2003-03-02,,
642,G6112,2003-03-06,,
643,G6112,2003-03-09,,
644,G6112,2003-03-13,,
645,G6112,2003-03-16,,
646,G6112,2003-03-20,,
647,G6112,2003-03-23,,
648,G6112,2003-03-27,,
649,G6112,2003-03-30,,
650,G6112,2003-04-03,,
651,G6112,2003-04-06,,
652,G6112,2003-04-10,,
653,G6112,2003-04-13,,
654,G6112,2003-04-17,,
655,G6112,2003-04-20,,
656,G6112,2003-04-24,,
657,G6112,2003-04-27,,
658,G6112,2003-05-01,,
659,G6112,2003-05-04,,
660,G6112,2003-05-08,,
661,G6112,2003-05-11,,
662,G6112,2003-05-15,,
663,G6112,2003-05-18,,
664,G6112,2003-05-22,,
665,G6112,2003-05-25,,
666,G6112,2003-05-29,,
667,G6112,2003-06-01,,
668,G6112,2003-06-05,,
669,G6112,2003-06-08,,
670,G6112,2003-06-12,,
671,G6112,2003-06-15,,
672,G6112,2003-06-19,,
673,G6112,2003-06-22,,
674,G6112,2003-06-26,,
675,G6112,2003-06-29,,
676,G6112,2003-07-03,,
677,G6112,2003-07-06,,
678,G6112,2003-07-10,,
679,G6112,2003-07-13,,
680,G6112,2003-07-17,,
681,G6112,2003-07-20,,
682,G6112,2003-07-24,,
683,G6112,2003-07-27,,
684,G6112,2003-07-31,,
685,G6112,2003-08-03,,
686,G6112,2003-08-07,,
687,G6112,2003-08-10,,
688,G6112,2003-08-14,,
689,G6112,2003-08-17,,
690,G6112,2003-08-21,,
691,G6112,2003-08-24,,
692,G6112,2003-08-28,,
693,G6112,2003-08-31,,
694,G6112,2003-09-04,,
695,G6112,2003-09-07,,
696,G6112,2003-09-11,,
697,G6112,2003-09-14,,
698,G6112,2003-09-18,,
699,G6112,2003-09-21,,
700,G6112,2003-09-25,,
701,G6112,2003-09-28,,
702,G6112,2003-10-02,,
703,G6112,2003-10-05,,
704,G6112,2003-10-09,,
705,G6112,2003-10-12,,
706,G6112,2003-10-16,,
707,G6112,2003-10-19,,
708,G6112,2003-10-23,,
709,G6112,2003-10-26,,
710,G6112,2003-10-30,,
711,G6112,2003-11-02,,
712,G6112,2003-11-06,,
713,G6112,2003-11-09,,
714,G6112,2003-11-13,,
715,G6112,2003-11-16,,
716,G6112,2003-11-20,,
717,G6112,2003-11-23,,
718,G6112,2003-11-27,,
719,G6112,2003-11-30,,
720,G6112,2003-12-04,,
721,G6112,2003-12-07,,
722,G6112,2003-12-11,,
723,G6112,2003-12-14,,
724,G6112,2003-12-18,,
725,G6112,2003-12-21,,
726,G6112,2003-12-25,,
727,G6112,2003-12-28,,
728,G6112,2004-01-02,,
729,G6112,2004-01-05,,
730,G6112,2004-01-09,,
731,G6112,2004-01-12,,
732,G6112,2004-01-16,,
733,G6112,2004-01-19,,
734,G6112,2004-01-23,,
735,G6112,2004-01-26,,
736,G6112,2004-01-30,,
737,G6112,2004-02-02,,
738,G6112,2004-02-06,,
739,G6112,2004-02-09,,
740,G6112,2004-02-13,,
741,G6112,2004-02-16,,
742,G6112,2004-02-20,,
743,G6112,2004-02-23,,
744,G6112,2004-02-27,,
745,G6112,2004-03-02,,
746,G6112,2004-03-06,,
747,G6112,2004-03-09,,
748,G6112,2004-03-13,,
749,G6112,2004-03-16,,
750,G6112,2004-03-20,,
751,G6112,2004-03-23,,
752,G6112,2004-03-27,,
753,G6112,2004-03-30,,
754,G6112,2004-04-03,,
755,G6112,2004-04-06,,
756,G6112,2004-04-10,,
757,G6112,2004-04-13,,
758,G6112,2004-04-17,,
759,G6112,2004-04-20,,
760,G6112,2004-04-24,,
761,G6112,2004-04-27,,
762,G6112,2004-05-01,,
763,G6112,2004-05-04,,
764,G6112,2004-05-08,,
765,G6112,2004-05-11,,
766,G6112,2004-05-15,,
767,G6112,2004-05-18,,
768,G6112,2004-05-22,,
769,G6112,2004-05-25,,
770,G6112,2004-05-29,,
771,G6112,2004-06-01,,
772,G6112,2004-06-05,,
773,G6112,2004-06-08,,
774,G6112,2004-06-12,,
775,G6112,2004-06-15,,
776,G6112,2004-06-19,,
777,G6112,2004-06-22,,
778,G6112,2004-06-26,,
779,G6112,2004-06-29,,
780,G6112,2004-07-03,,
781,G6112,2004-07-06,,
782,G6112,2004-07-10,,
783,G6112,2004-07-13,,
784,G6112,2004-07-17,,
785,G6112,2004-07-20,,
786,G6112,2004-07-24,,
787,G6112,2004-07-27,,
788,G6112,2004-07-31,,
789,G6112,2004-08-03,,
790,G6112,2004-08-07,,
791,G6112,2004-08-10,,
792,G6112,2004-08-14,,
793,G6112,2004-08-17,,
794,G6112,2004-08-21,,
795,G6112,2004-08-24,,
796,G6112,2004-08-28,,
797,G6112,2004-08-31,,
798,G6112,2004-09-04,,
799,G6112,2004-09-07,,
800,G6112,2004-09-11,,
801,G6112,2004-09-14,,
802,G6112,2004-09-18,,
803,G6112,2004-09-21,,
804,G6112,2004-09-25,,
805,G6112,2004-09-28,,
806,G6112,2004-10-02,,
807,G6112,2004-10-05,,
808,G6112,2004-10-09,,
809,G6112,2004-10-12,,
810,G6112,2004-10-16,,
811,G6112,2004-10-19,,
812,G6112,2004-10-23,,
813,G6112,2004-10-26,,
814,G6112,2004-10-30,,
815,G6112,2004-11-02,,
816,G6112,2004-11-06,,
817,G6112,2004-11-09,,
818,G6112,2004-11-13,,
819,G6112,2004-11-16,,
820,G6112,2004-11-20,,
821,G6112,2004-11-23,,
822,G6112,2004-11-27,,
823,G6112,2004-11-30,,
824,G6112,2004-12-04,,
825,G6112,2004-12-07,,
826,G6112,2004-12-11,,
827,G6112,2004-12-14,,
828,G6112,2004-12-18,,
829,G6112,2004-12-21,,
830,G6112,2004-12-25,,
831,G6112,2004-12-28,,
832,G6112,2005-01-02,,
833,G6112,2005-01-05,,
834,G6112,2005-01-09,,
835,G6112,2005-01-12,,
836,G6112,2005-01-16,,
837,G6112,2005-01-19,,
838,G6112,2005-01-23,,
839,G6112,2005-01-26,,
840,G6112,2005-01-30,,
841,G6112,2005-02-02,,
842,G6112,2005-02-06,,
843,G6112,2005-02-09,,
844,G6112,2005-02-13,,
845,G6112,2005-02-16,,
846,G6112,2005-02-20,,
847,G6112,2005-02-23,,
848,G6112,2005-02-27,,
849,G6112,2005-03-02,,
850,G6112,2005-03-06,,
851,G6112,2005-03-09,,
852,G6112,2005-03-13,,
853,G6112,2005-03-16,,
854,G6112,2005-03-20,,
855,G6112,2005-03-23,,
856,G6112,2005-03-27,,
857,G6112,2005-03-30,,
858,G6112,2005-04-03,,
859,G6112,2005-04-06,,
860,G6112,2005-04-10,,
861,G6112,2005-04-13,,
862,G6112,2005-04-17,,
863,G6112,2005-04-20,,
864,G6112,2005-04-24,,
865,G6112,2005-04-27,,
866,G6112,2005-05-01,,
867,G6112,2005-05-04,,
868,G6112,2005-05-08,,
869,G6112,2005-05-11,,
870,G6112,2005-05-15,,
871,G6112,2005-05-18,,
872,G6112,2005-05-22,,
873,G6112,2005-05-25,,
874,G6112,2005-05-29,,
875,G6112,2005-06-01,,
876,G6112,2005-06-05,,
877,G6112,2005-06-08,,
878,G6112,2005-06-12,,
879,G6112,2005-06-15,,
880,G6112,2005-06-19,,
881,G6112,2005-06-22,,
882,G6112,2005-06-26,,
883,G6112,2005-06-29,,
884,G6112,2005-07-03,,
885,G6112,2005-07-06,,
886,G6112,2005-07-10,,
887,G6112,2005-07-13,,
888,G6112,2005-07-17,,
889,G6112,2005-07-20,,
890,G6112,2005-07-24,,
891,G6112,2005-07-27,,
892,G6112,2005-07-31,,
893,G6112,2005-08-03,,
894,G6112,2005-08-07,,
895,G6112,2005-08-10,,
896,G6112,2005-08-14,,
897,G6112,2005-08-17,,
898,G6112,2005-08-21,,
899,G6112,2005-08-24,,
900,G6112,2005-08-28,,
901,G6112,2005-08-31,,
902,G6112,2005-09-04,,
903,G6112,2005-09-07,,
904,G6112,2005-09-11,,
905,G6112,2005-09-14,,
906,G6112,2005-09-18,,
907,G6112,2005-09-21,,
908,G6112,2005-09-25,,
909,G6112,2005-09-28,,
910,G6112,2005-10-02,,
911,G6112,2005-10-05,,
912,G6112,2005-10-09,,
913,G6112,2005-10-12,,
914,G6112,2005-10-16,,
915,G6112,2005-10-19,,
916,G6112,2005-10-23,,
917,G6112,2005-10-26,,
918,G6112,2005-10-30,,
919,G6112,2005-11-02,,
920,G6112,2005-11-06,,
921,G6112,2005-11-09,,
922,G6112,2005-11-13,,
923,G6112,2005-11-16,,
924,G6112,2005-11-20,,
925,G6112,2005-11-23,,
926,G6112,2005-11-27,,
927,G6112,2005-11-30,,
928,G6112,2005-12-04,,
929,G6112,2005-12-07,,
930,G6112,2005-12-11,,
931,G6112,2005-12-14,,
932,G6112,2005-12-18,,
933,G6112,2005-12-21,,
934,G6112,2005-12-25,,
935,G6112,2005-12-28,,
936,G6112,2006-01-02,,
937,G6112,2006-01-05,,
938,G6112,2006-01-09,,
939,G6112,2006-01-12,,
940,G6112,2006-01-16,,
941,G6112,2006-01-19,,
942,G6112,2006-01-23,,
943,G6112,2006-01-26,,
944,G6112,2006-01-30,,
945,G6112,2006-02-02,,
946,G6112,2006-02-06,,
947,G6112,2006-02-09,,
948,G6112,2006-02-13,,
949,G6112,2006-02-16,,
950,G6112,2006-02-20,,
951,G6112,2006-02-23,,
952,G6112,2006-02-27,,
953,G6112,2006-03-02,,
954,G6112,2006-03-06,,
955,G6112,2006-03-09,,
956,G6112,2006-03-13,,
957,G6112,2006-03-16,,
958,G6112,2006-03-20,,
959,G6112,2006-03-23,,
960,G6112,2006-03-27,,
961,G6112,2006-03-30,,
962,G6112,2006-04-03,,
963,G6112,2006-04-06,,
964,G6112,2006-04-10,,
965,G6112,2006-04-13,,
966,G6112,2006-04-17,,
967,G6112,2006-04-20,,
968,G6112,2006-04-24,,
969,G6112,2006-04-27,,
970,G6112,2006-05-01,,
971,G6112,2006-05-04,,
972,G6112,2006-05-08,,
973,G6112,2006-05-11,,
974,G6112,2006-05-15,,
975,G6112,2006-05-18,,
976,G6112,2006-05-22,,
977,G6112,2006-05-25,,
978,G6112,2006-05-29,,
979,G6112,2006-06-01,,
980,G6112,2006-06-05,,
981,G6112,2006-06-08,,
982,G6112,2006-06-12,,
983,G6112,2006-06-15,,
984,G6112,2006-06-19,,
985,G6112,2006-06-22,,
986,G6112,2006-06-26,,
987,G6112,2006-06-29,,
988,G6112,2006-07-03,,
989,G6112,2006-07-06,,
990,G6112,2006-07-10,,
991,G6112,2006-07-13,,
992,G6112,2006-07-17,,
993,G6112,2006-07-20,,
994,G6112,2006-07-24,,
995,G6112,2006-07-27,,
996,G6112,2006-07-31,,
997,G6112,2006-08-03,,
998,G6112,2006-08-07,,
999,G6112,2006-08-10,,
1000,G6112,2006-08-14,,
1001,G6112,2006-08-17,,
1002,G6112,2006-08-21,,
1003,G6112,2006-08-24,,
1004,G6112,2006-08-28,,
1005,G6112,2006-08-31,,
1006,G6112,2006-09-04,,
1007,G6112,2006-09-07,,
1008,G6112,2006-09-11,,
1009,G6112,2006-09-14,,
1010,G6112,2006-09-18,,
1011,G6112,2006-09-21,,
1012,G6112,2006-09-25,,
1013,G6112,2006-09-28,,
1014,G6112,2006-10-02,,
1015,G6112,2006-10-05,,
1016,G6112,2006-10-09,,
1017,G6112,2006-10-12,,
1018,G6112,2006-10-16,,
1019,G6112,2006-10-19,,
1020,G6112,2006-10-23,,
1021,G6112,2006-10-26,,
1022,G6112,2006-10-30,,
1023,G6112,2006-11-02,,
1024,G6112,2006-11-06,,
1025,G6112,2006-11-09,,
1026,G6112,2006-11-13,,
1027,G6112,2006-11-16,,
1028,G6112,2006-11-20,,
1029,G6112,2006-11-23,,
1030,G6112,2006-11-27,,
1031,G6112,2006-11-30,,
1032,G6112,2006-12-04,,
1033,G6112,2006-12-07,,
1034,G6112,2006-12-11,,
1035,G6112,2006-12-14,,
1036,G6112,2006-12-18,,
1037,G6112,2006-12-21,,
1038,G6112,2006-12-25,,
1039,G6112,2006-12-28,,
1040,G6112,2007-01-02,,
1041,G6112,2007-01-05,,
1042,G6112,2007-01-09,,
1043,G6112,2007-01-12,,
1044,G6112,2007-01-16,,
1045,G6112,2007-01-19,,
1046,G6112,2007-01-23,,
1047,G6112,2007-01-26,,
1048,G6112,2007-01-30,,
1049,G6112,2007-02-02,,
1050,G6112,2007-02-06,,
1051,G6112,2007-02-09,,
1052,G6112,2007-02-13,,
1053,G6112,2007-02-16,,
1054,G6112,2007-02-20,,
1055,G6112,2007-02-23,,
1056,G6112,2007-02-27,,
1057,G6112,2007-03-02,,
1058,G6112,2007-03-06,,
1059,G6112,2007-03-09,,
1060,G6112,2007-03-13,,
1061,G6112,2007-03-16,,
1062,G6112,2007-03-20,,
1063,G6112,2007-03-23,,
1064,G6112,2007-03-27,,
1065,G6112,2007-03-30,,
1066,G6112,2007-04-03,,
1067,G6112,2007-04-06,,
1068,G6112,2007-04-10,,
1069,G6112,2007-04-13,,
1070,G6112,2007-04-17,,
1071,G6112,2007-04-20,,
1072,G6112,2007-04-24,,
1073,G6112,2007-04-27,,
1074,G6112,2007-05-01,,
1075,G6112,2007-05-04,,
1076,G6112,2007-05-08,,
1077,G6112,2007-05-11,,
1078,G6112,2007-05-15,,
1079,G6112,2007-05-18,,
1080,G6112,2007-05-22,,
1081,G6112,2007-05-25,,
1082,G6112,2007-05-29,,
1083,G6112,2007-06-01,,
1084,G6112,2007-06-05,,
1085,G6112,2007-06-08,,
1086,G6112,2007-06-12,,
1087,G6112,2007-06-15,,
1088,G6112,2007-06-19,,
1089,G6112,2007-06-22,,
1090,G6112,2007-06-26,,
1091,G6112,2007-06-29,,
1092,G6112,2007-07-03,,
1093,G6112,2007-07-06,,
1094,G6112,2007-07-10,,
1095,G6112,2007-07-13,,
1096,G6112,2007-07-17,,
1097,G6112,2007-07-20,,
1098,G6112,2007-07-24,,
1099,G6112,2007-07-27,,
1100,G6112,2007-07-31,,
1101,G6112,2007-08-03,,
1102,G6112,2007-08-07,,
1103,G6112,2007-08-10,,
1104,G6112,2007-08-14,,
1105,G6112,2007-08-17,,
1106,G6112,2007-08-21,,
1107,G6112,2007-08-24,,
1108,G6112,2007-08-28,,
1109,G6112,2007-08-31,,
1110,G6112,2007-09-04,,
1111,G6112,2007-09-07,,
1112,G6112,2007-09-11,,
1113,G6112,2007-09-14,,
1114,G6112,2007-09-18,,
1115,G6112,2007-09-21,,
1116,G6112,2007-09-25,,
1117,G6112,2007-09-28,,
1118,G6112,2007-10-02,,
1119,G6112,2007-10-05,,
1120,G6112,2007-10-09,,
1121,G6112,2007-10-12,,
1122,G6112,2007-10-16,,
1123,G6112,2007-10-19,,
1124,G6112,2007-10-23,,
1125,G6112,2007-10-26,,
1126,G6112,2007-10-30,,
1127,G6112,2007-11-02,,
1128,G6112,2007-11-06,,
1129,G6112,2007-11-09,,
1130,G6112,2007-11-13,,
1131,G6112,2007-11-16,,
1132,G6112,2007-11-20,,
1133,G6112,2007-11-23,,
1134,G6112,2007-11-27,,
1135,G6112,2007-11-30,,
1136,G6112,2007-12-04,,
1137,G6112,2007-12-07,,
1138,G6112,2007-12-11,,
1139,G6112,2007-12-14,,
1140,G6112,2007-12-18,,
1141,G6112,2007-12-21,,
1142,G6112,2007-12-25,,
1143,G6112,2007-12-28,,
1144,G6112,2008-01-02,,
1145,G6112,2008-01-05,,
1146,G6112,2008-01-09,,
1147,G6112,2008-01-12,,
1148,G6112,2008-01-16,,
1149,G6112,2008-01-19,,
1150,G6112,2008-01-23,,
1151,G6112,2008-01-26,,
1152,G6112,2008-01-30,,
1153,G6112,2008-02-02,,
1154,G6112,2008-02-06,,
1155,G6112,2008-02-09,,
1156,G6112,2008-02-13,,
1157,G6112,2008-02-16,,
1158,G6112,2008-02-20,,
1159,G6112,2008-02-23,,
1160,G6112,2008-02-27,,
1161,G6112,2008-03-02,,
1162,G6112,2008-03-06,,
1163,G6112,2008-03-09,,
1164,G6112,2008-03-13,,
1165,G6112,2008-03-16,,
1166,G6112,2008-03-20,,
1167,G6112,2008-03-23,,
1168,G6112,2008-03-27,,
1169,G6112,2008-03-30,,
1170,G6112,2008-04-03,,
1171,G6112,2008-04-06,,
1172,G6112,2008-04-10,,
1173,G6112,2008-04-13,,
1174,G6112,2008-04-17,,
1175,G6112,2008-04-20,,
1176,G6112,2008-04-24,,
1177,G6112,2008-04-27,,
1178,G6112,2008-05-01,,
1179,G6112,2008-05-04,,
1180,G6112,2008-05-08,,
1181,G6112,2008-05-11,,
1182,G6112,2008-05-15,,
1183,G6112,2008-05-18,,
1184,G6112,2008-05-22,,
1185,G6112,2008-05-25,,
1186,G6112,2008-05-29,,
1187,G6112,2008-06-01,,
1188,G6112,2008-06-05,,
1189,G6112,2008-06-08,,
1190,G6112,2008-06-12,,
1191,G6112,2008-06-15,,
1192,G6112,2008-06-19,,
1193,G6112,2008-06-22,,
1194,G6112,2008-06-26,,
1195,G6112,2008-06-29,,
1196,G6112,2008-07-03,,
1197,G6112,2008-07-06,,
1198,G6112,2008-07-10,,
1199,G6112,2008-07-13,,
1200,G6112,2008-07-17,,
1201,G6112,2008-07-20,,
1202,G6112,2008-07-24,,
1203,G6112,2008-07-27,,
1204,G6112,2008-07-31,,
1205,G6112,2008-08-03,,
1206,G6112,2008-08-07,,
1207,G6112,2008-08-10,,
1208,G6112,2008-08-14,,
1209,G6112,2008-08-17,,
1210,G6112,2008-08-21,,
1211,G6112,2008-08-24,,
1212,G6112,2008-08-28,,
1213,G6112,2008-08-31,,
1214,G6112,2008-09-04,,
1215,G6112,2008-09-07,,
1216,G6112,2008-09-11,,
1217,G6112,2008-09-14,,
1218,G6112,2008-09-18,,
1219,G6112,2008-09-21,,
1220,G6112,2008-09-25,,
1221,G6112,2008-09-28,,
1222,G6112,2008-10-02,,
1223,G6112,2008-10-05,,
1224,G6112,2008-10-09,,
1225,G6112,2008-10-12,,
1226,G6112,2008-10-16,,
1227,G6112,2008-10-19,,
1228,G6112,2008-10-23,,
1229,G6112,2008-10-26,,
1230,G6112,2008-10-30,,
1231,G6112,2008-11-02,,
1232,G6112,2008-11-06,,
1233,G6112,2008-11-09,,
1234,G6112,2008-11-13,,
1235,G6112,2008-11-16,,
1236,G6112,2008-11-20,,
1237,G6112,2008-11-23,,
1238,G6112,2008-11-27,,
1239,G6112,2008-11-30,,
1240,G6112,2008-12-04,,
1241,G6112,2008-12-07,,
1242,G6112,2008-12-11,,
1243,G6112,2008-12-14,,
1244,G6112,2008-12-18,,
1245,G6112,2008-12-21,,
1246,G6112,2008-12-25,,
1247,G6112,2008-12-28,,
1248,G6112,2009-01-02,,
1249,G6112,2009-01-05,,
1250,G6112,2009-01-09,,
1251,G6112,2009-01-12,,
1252,G6112,2009-01-16,,
1253,G6112,2009-01-19,,
1254,G6112,2009-01-23,,
1255,G6112,2009-01-26,,
1256,G6112,2009-01-30,,
1257,G6112,2009-02-02,,
1258,G6112,2009-02-06,,
1259,G6112,2009-02-09,,
1260,G6112,2009-02-13,,
1261,G6112,2009-02-16,,
1262,G6112,2009-02-20,,
1263,G6112,2009-02-23,,
1264,G6112,2009-02-27,,
1265,G6112,2009-03-02,,
1266,G6112,2009-03-06,,
1267,G6112,2009-03-09,,
1268,G6112,2009-03-13,,
1269,G6112,2009-03-16,,
1270,G6112,2009-03-20,,
1271,G6112,2009-03-23,,
1272,G6112,2009-03-27,,
1273,G6112,2009-03-30,,
1274,G6112,2009-04-03,,
1275,G6112,2009-04-06,,
1276,G6112,2009-04-10,,
1277,G6112,2009-04-13,,
1278,G6112,2009-04-17,,
1279,G6112,2009-04-20,,
1280,G6112,2009-04-24,,
1281,G6112,2009-04-27,,
1282,G6112,2009-05-01,,
1283,G6112,2009-05-04,,
1284,G6112,2009-05-08,,
1285,G6112,2009-05-11,,
1286,G6112,2009-05-15,,
1287,G6112,2009-05-18,,
1288,G6112,2009-05-22,,
1289,G6112,2009-05-25,,
1290,G6112,2009-05-29,,
1291,G6112,2009-06-01,,
1292,G6112,2009-06-05,,
1293,G6112,2009-06-08,,
1294,G6112,2009-06-12,,
1295,G6112,2009-06-15,,
1296,G6112,2009-06-19,,
1297,G6112,2009-06-22,,
1298,G6112,2009-06-26,,
1299,G6112,2009-06-29,,
1300,G6112,2009-07-03,,
1301,G6112,2009-07-06,,
1302,G6112,2009-07-10,,
1303,G6112,2009-07-13,,
1304,G6112,2009-07-17,,
1305,G6112,2009-07-20,,
1306,G6112,2009-07-24,,
1307,G6112,2009-07-27,,
1308,G6112,2009-07-31,,
1309,G6112,2009-08-03,,
1310,G6112,2009-08-07,,
1311,G6112,2009-08-10,,
1312,G6112,2009-08-14,,
1313,G6112,2009-08-17,,
1314,G6112,2009-08-21,,
1315,G6112,2009-08-24,,
1316,G6112,2009-08-28,,
1317,G6112,2009-08-31,,
1318,G6112,2009-09-04,,
1319,G6112,2009-09-07,,
1320,G6112,2009-09-11,,
1321,G6112,2009-09-14,,
1322,G6112,2009-09-18,,
1323,G6112,2009-09-21,,
1324,G6112,2009-09-25,,
1325,G6112,2009-09-28,,
1326,G6112,2009-10-02,,
1327,G6112,2009-10-05,,
1328,G6112,2009-10-09,,
1329,G6112,2009-10-12,,
1330,G6112,2009-10-16,,
1331,G6112,2009-10-19,,
1332,G6112,2009-10-23,,
1333,G6112,2009-10-26,,
1334,G6112,2009-10-30,,
1335,G6112,2009-11-02,,
1336,G6112,2009-11-06,,
1337,G6112,2009-11-09,,
1338,G6112,2009-11-13,,
1339,G6112,2009-11-16,,
1340,G6112,2009-11-20,,
1341,G6112,2009-11-23,,
1342,G6112,2009-11-27,,
1343,G6112,2009-11-30,,
1344,G6112,2009-12-04,,
1345,G6112,2009-12-07,,
1346,G6112,2009-12-11,,
1347,G6112,2009-12-14,,
1348,G6112,2009-12-18,,
1349,G6112,2009-12-21,,
1350,G6112,2009-12-25,,
1351,G6112,2009-12-28,,
1352,G6112,2010-01-02,,
1353,G6112,2010-01-05,,
1354,G6112,2010-01-09,,
1355,G6112,2010-01-12,,
1356,G6112,2010-01-16,,
1357,G6112,2010-01-19,,
1358,G6112,2010-01-23,,
1359,G6112,2010-01-26,,
1360,G6112,2010-01-30,,
1361,G6112,2010-02-02,,
1362,G6112,2010-02-06,,
1363,G6112,2010-02-09,,
1364,G6112,2010-02-13,,
1365,G6112,2010-02-16,,
1366,G6112,2010-02-20,,
1367,G6112,2010-02-23,,
1368,G6112,2010-02-27,,
1369,G6112,2010-03-02,,
1370,G6112,2010-03-06,,
1371,G6112,2010-03-09,,
1372,G6112,2010-03-13,,
1373,G6112,2010-03-16,,
1374,G6112,2010-03-20,,
1375,G6112,2010-03-23,,
1376,G6112,2010-03-27,,
1377,G6112,2010-03-30,,
1378,G6112,2010-04-03,,
1379,G6112,2010-04-06,,
1380,G6112,2010-04-10,,
1381,G6112,2010-04-13,,
1382,G6112,2010-04-17,,
1383,G6112,2010-04-20,,
1384,G6112,2010-04-24,,
1385,G6112,2010-04-27,,
1386,G6112,2010-05-01,,
1387,G6112,2010-05-04,,
1388,G6112,2010-05-08,,
1389,G6112,2010-05-11,,
1390,G6112,2010-05-15,,
1391,G6112,2010-05-18,,
1392,G6112,2010-05-22,,
1393,G6112,2010-05-25,,
1394,G6112,2010-05-29,,
1395,G6112,2010-06-01,,
1396,G6112,2010-06-05,,
1397,G6112,2010-06-08,,
1398,G6112,2010-06-12,,
1399,G6112,2010-06-15,,
1400,G6112,2010-06-19,,
1401,G6112,2010-06-22,,
1402,G6112,2010-06-26,,
1403,G6112,2010-06-29,,
1404,G6112,2010-07-03,,
1405,G6112,2010-07-06,,
1406,G6112,2010-07-10,,
1407,G6112,2010-07-13,,
1408,G6112,2010-07-17,,
1409,G6112,2010-07-20,,
1410,G6112,2010-07-24,,
1411,G6112,2010-07-27,,
1412,G6112,2010-07-31,,
1413,G6112,2010-08-03,,
1414,G6112,2010-08-07,,
1415,G6112,2010-08-10,,
1416,G6112,2010-08-14,,
1417,G6112,2010-08-17,,
1418,G6112,2010-08-21,,
1419,G6112,2010-08-24,,
1420,G6112,2010-08-28,,
1421,G6112,2010-08-31,,
1422,G6112,2010-09-04,,
1423,G6112,2010-09-07,,
1424,G6112,2010-09-11,,
1425,G6112,2010-09-14,,
1426,G6112,2010-09-18,,
1427,G6112,2010-09-21,,
1428,G6112,2010-09-25,,
1429,G6112,2010-09-28,,
1430,G6112,2010-10-02,,
1431,G6112,2010-10-05,,
1432,G6112,2010-10-09,,
1433,G6112,2010-10-12,,
1434,G6112,2010-10-16,,
1435,G6112,2010-10-19,,
1436,G6112,2010-10-23,,
1437,G6112,2010-10-26,,
1438,G6112,2010-10-30,,
1439,G6112,2010-11-02,,
1440,G6112,2010-11-06,,
1441,G6112,2010-11-09,,
1442,G6112,2010-11-13,,
1443,G6112,2010-11-16,,
1444,G6112,2010-11-20,,
1445,G6112,2010-11-23,,
1446,G6112,2010-11-27,,
1447,G6112,2010-11-30,,
1448,G6112,2010-12-04,,
1449,G6112,2010-12-07,,
1450,G6112,2010-12-11,,
1451,G6112,2010-12-14,,
1452,G6112,2010-12-18,,
1453,G6112,2010-12-21,,
1454,G6112,2010-12-25,,
1455,G6112,2010-12-28,,
1456,G6112,2011-01-02,,
1457,G6112,2011-01-05,,
1458,G6112,2011-01-09,,
1459,G6112,2011-01-12,,
1460,G6112,2011-01-16,,
1461,G6112,2011-01-19,,
1462,G6112,2011-01-23,,
1463,G6112,2011-01-26,,
1464,G6112,2011-01-30,,
1465,G6112,2011-02-02,,
1466,G6112,2011-02-06,,
1467,G6112,2011-02-09,,
1468,G6112,2011-02-13,,
1469,G6112,2011-02-16,,
1470,G6112,2011-02-20,,
1471,G6112,2011-02-23,,
1472,G6112,2011-02-27,,
1473,G6112,2011-03-02,,
1474,G6112,2011-03-06,,
1475,G6112,2011-03-09,,
1476,G6112,2011-03-13,,
1477,G6112,2011-03-16,,
1478,G6112,2011-03-20,,
1479,G6112,2011-03-23,,
1480,G6112,2011-03-27,,
1481,G6112,2011-03-30,,
1482,G6112,2011-04-03,,
1483,G6112,2011-04-06,,
1484,G6112,2011-04-10,,
1485,G6112,2011-04-13,,
1486,G6112,2011-04-17,,
1487,G6112,2011-04-20,,
1488,G6112,2011-04-24,,
1489,G6112,2011-04-27,,
1490,G6112,2011-05-01,,
1491,G6112,2011-05-04,,
1492,G6112,2011-05-08,,
1493,G6112,2011-05-11,,
1494,G6112,2011-05-15,,
1495,G6112,2011-05-18,,
1496,G6112,2011-05-22,,
1497,G6112,2011-05-25,,
1498,G6112,2011-05-29,,
1499,G6112,2011-06-01,,
1500,G6112,2011-06-05,,
1501,G6112,2011-06-08,,
1502,G6112,2011-06-12,,
1503,G6112,2011-06-15,,
1504,G6112,2011-06-19,,
1505,G6112,2011-06-22,,
1506,G6112,2011-06-26,,
1507,G6112,2011-06-29,,
1508,G6112,2011-07-03,,
1509,G6112,2011-07-06,,
1510,G6112,2011-07-10,,
1511,G6112,2011-07-13,,
1512,G6112,2011-07-17,,
1513,G6112,2011-07-20,,
1514,G6112,2011-07-24,,
1515,G6112,2011-07-27,,
1516,G6112,2011-07-31,,
1517,G6112,2011-08-03,,
1518,G6112,2011-08-07,,
1519,G6112,2011-08-10,,
1520,G6112,2011-08-14,,
1521,G6112,2011-08-17,,
1522,G6112,2011-08-21,,
1523,G6112,2011-08-24,,
1524,G6112,2011-08-28,,
1525,G6112,2011-08-31,,
1526,G6112,2011-09-04,,
1527,G6112,2011-09-07,,
1528,G6112,2011-09-11,,
1529,G6112,2011-09-14,,
1530,G6112,2011-09-18,,
1531,G6112,2011-09-21,,
1532,G6112,2011-09-25,,
1533,G6112,2011-09-28,,
1534,G6112,2011-10-02,,
1535,G6112,2011-10-05,,
1536,G6112,2011-10-09,,
1537,G6112,2011-10-12,,
1538,G6112,2011-10-16,,
1539,G6112,2011-10-19,,
1540,G6112,2011-10-23,,
1541,G6112,2011-10-26,,
1542,G6112,2011-10-30,,
1543,G6112,2011-11-02,,
1544,G6112,2011-11-06,,
1545,G6112,2011-11-09,,
1546,G6112,2011-11-13,,
1547,G6112,2011-11-16,,
1548,G6112,2011-11-20,,
1549,G6112,2011-11-23,,
1550,G6112,2011-11-27,,
1551,G6112,2011-11-30,,
1552,G6112,2011-12-04,,
1553,G6112,2011-12-07,,
1554,G6112,2011-12-11,,
1555,G6112,2011-12-14,,
1556,G6112,2011-12-18,,
1557,G6112,2011-12-21,,
1558,G6112,2011-12-25,,
1559,G6112,2011-12-28,,
1560,G6112,2012-01-02,,
1561,G6112,2012-01-05,,
1562,G6112,2012-01-09,,
1563,G6112,2012-01-12,,
1564,G6112,2012-01-16,,
1565,G6112,2012-01-19,,
1566,G6112,2012-01-23,,
1567,G6112,2012-01-26,,
1568,G6112,2012-01-30,,
1569,G6112,2012-02-02,,
1570,G6112,2012-02-06,,
1571,G6112,2012-02-09,,
1572,G6112,2012-02-13,,
1573,G6112,2012-02-16,,
1574,G6112,2012-02-20,,
1575,G6112,2012-02-23,,
1576,G6112,2012-02-27,,
1577,G6112,2012-03-02,,
1578,G6112,2012-03-06,,
1579,G6112,2012-03-09,,
1580,G6112,2012-03-13,,
1581,G6112,2012-03-16,,
1582,G6112,2012-03-20,,
1583,G6112,2012-03-23,,
1584,G6112,2012-03-27,,
1585,G6112,2012-03-30,,
1586,G6112,2012-04-03,,
1587,G6112,2012-04-06,,
1588,G6112,2012-04-10,,
1589,G6112,2012-04-13,,
1590,G6112,2012-04-17,,
1591,G6112,2012-04-20,,
1592,G6112,2012-04-24,,
1593,G6112,2012-04-27,,
1594,G6112,2012-05-01,,
1595,G6112,2012-05-04,,
1596,G6112,2012-05-08,,
1597,G6112,2012-05-11,,
1598,G6112,2012-05-15,,
1599,G6112,2012-05-18,,
1600,G6112,2012-05-22,,
1601,G6112,2012-05-25,,
1602,G6112,2012-05-29,,
1603,G6112,2012-06-01,,
1604,G6112,2012-06-05,,
1605,G6112,2012-06-08,,
1606,G6112,2012-06-12,,
1607,G6112,2012-06-15,,
1608,G6112,2012-06-19,,
1609,G6112,2012-06-22,,
1610,G6112,2012-06-26,,
1611,G6112,2012-06-29,,
1612,G6112,2012-07-03,,
1613,G6112,2012-07-06,,
1614,G6112,2012-07-10,,
1615,G6112,2012-07-13,,
1616,G6112,2012-07-17,,
1617,G6112,2012-07-20,,
1618,G6112,2012-07-24,,
1619,G6112,2012-07-27,,
1620,G6112,2012-07-31,,
1621,G6112,2012-08-03,,
1622,G6112,2012-08-07,,
1623,G6112,2012-08-10,,
1624,G6112,2012-08-14,,
1625,G6112,2012-08-17,,
1626,G6112,2012-08-21,,
1627,G6112,2012-08-24,,
1628,G6112,2012-08-28,,
1629,G6112,2012-08-31,,
1630,G6112,2012-09-04,,
1631,G6112,2012-09-07,,
1632,G6112,2012-09-11,,
1633,G6112,2012-09-14,,
1634,G6112,2012-09-18,,
1635,G6112,2012-09-21,,
1636,G6112,2012-09-25,,
1637,G6112,2012-09-28,,
1638,G6112,2012-10-02,,
1639,G6112,2012-10-05,,
1640,G6112,2012-10-09,,
1641,G6112,2012-10-12,,
1642,G6112,2012-10-16,,
1643,G6112,2012-10-19,,
1644,G6112,2012-10-23,,
1645,G6112,2012-10-26,,
1646,G6112,2012-10-30,,
1647,G6112,2012-11-02,,
1648,G6112,2012-11-06,,
1649,G6112,2012-11-09,,
1650,G6112,2012-11-13,,
1651,G6112,2012-11-16,,
1652,G6112,2012-11-20,,
1653,G6112,2012-11-23,,
1654,G6112,2012-11-27,,
1655,G6112,2012-11-30,,
1656,G6112,2012-12-04,,
1657,G6112,2012-12-07,,
1658,G6112,2012-12-11,,
1659,G6112,2012-12-14,,
1660,G6112,2012-12-18,,
1661,G6112,2012-12-21,,
1662,G6112,2012-12-25,,
1663,G6112,2012-12-28,,
1664,G6112,2013-01-02,,
1665,G6112,2013-01-05,,
1666,G6112,2013-01-09,,
1667,G6112,2013-01-12,,
1668,G6112,2013-01-16,,
1669,G6112,2013-01-19,,
1670,G6112,2013-01-23,,
1671,G6112,2013-01-26,,
1672,G6112,2013-01-30,,
1673,G6112,2013-02-02,,
1674,G6112,2013-02-06,,
1675,G6112,2013-02-09,,
1676,G6112,2013-02-13,,
1677,G6112,2013-02-16,,
1678,G6112,2013-02-20,,
1679,G6112,2013-02-23,,
1680,G6112,2013-02-27,,
1681,G6112,2013-03-02,,
1682,G6112,2013-03-06,,
1683,G6112,2013-03-09,,
1684,G6112,2013-03-13,,
1685,G6112,2013-03-16,,
1686,G6112,2013-03-20,,
1687,G6112,2013-03-23,,
1688,G6112,2013-03-27,,
1689,G6112,2013-03-30,,
1690,G6112,2013-04-03,,
1691,G6112,2013-04-06,,
1692,G6112,2013-04-10,,
1693,G6112,2013-04-13,,
1694,G6112,2013-04-17,,
1695,G6112,2013-04-20,,
1696,G6112,2013-04-24,,
1697,G6112,2013-04-27,,
1698,G6112,2013-05-01,,
1699,G6112,2013-05-04,,
1700,G6112,2013-05-08,,
1701,G6112,2013-05-11,,
1702,G6112,2013-05-15,,
1703,G6112,2013-05-18,,
1704,G6112,2013-05-22,,
1705,G6112,2013-05-25,,
1706,G6112,2013-05-29,,
1707,G6112,2013-06-01,,
1708,G6112,2013-06-05,,
1709,G6112,2013-06-08,,
1710,G6112,2013-06-12,,
1711,G6112,2013-06-15,,
1712,G6112,2013-06-19,,
1713,G6112,2013-06-22,,
1714,G6112,2013-06-26,,
1715,G6112,2013-06-29,,
1716,G6112,2013-07-03,,
1717,G6112,2013-07-06,,
1718,G6112,2013-07-10,,
1719,G6112,2013-07-13,,
1720,G6112,2013-07-17,,
1721,G6112,2013-07-20,,
1722,G6112,2013-07-24,,
1723,G6112,2013-07-27,,
1724,G6112,2013-07-31,,
1725,G6112,2013-08-03,,
1726,G6112,2013-08-07,,
1727,G6112,2013-08-10,,
1728,G6112,2013-08-14,,
1729,G6112,2013-08-17,,
1730,G6112,2013-08-21,,
1731,G6112,2013-08-24,,
1732,G6112,2013-08-28,,
1733,G6112,2013-08-31,,
1734,G6112,2013-09-04,,
1735,G6112,2013-09-07,,
1736,G6112,2013-09-11,,
1737,G6112,2013-09-14,,
1738,G6112,2013-09-18,,
1739,G6112,2013-09-21,,
1740,G6112,2013-09-25,,
1741,G6112,2013-09-28,,
1742,G6112,2013-10-02,,
1743,G6112,2013-10-05,,
1744,G6112,2013-10-09,,
1745,G6112,2013-10-12,,
1746,G6112,2013-10-16,,
1747,G6112,2013-10-19,,
1748,G6112,2013-10-23,,
1749,G6112,2013-10-26,,
1750,G6112,2013-10-30,,
1751,G6112,2013-11-02,,
1752,G6112,2013-11-06,,
1753,G6112,2013-11-09,,
1754,G6112,2013-11-13,,
1755,G6112,2013-11-16,,
1756,G6112,2013-11-20,,
1757,G6112,2013-11-23,,
1758,G6112,2013-11-27,,
1759,G6112,2013-11-30,,
1760,G6112,2013-12-04,,
1761,G6112,2013-12-07,,
1762,G6112,2013-12-11,,
1763,G6112,2013-12-14,,
1764,G6112,2013-12-18,,
1765,G6112,2013-12-21,,
1766,G6112,2013-12-25,,
1767,G6112,2013-12-28,,
1768,G6112,2014-01-02,,
1769,G6112,2014-01-05,,
1770,G6112,2014-01-09,,
1771,G6112,2014-01-12,,
1772,G6112,2014-01-16,,
1773,G6112,2014-01-19,,
1774,G6112,2014-01-23,,
1775,G6112,2014-01-26,,
1776,G6112,2014-01-30,,
1777,G6112,2014-02-02,,
1778,G6112,2014-02-06,,
1779,G6112,2014-02-09,,
1780,G6112,2014-02-13,,
1781,G6112,2014-02-16,,
1782,G6112,2014-02-20,,
1783,G6112,2014-02-23,,
1784,G6112,2014-02-27,,
1785,G6112,2014-03-02,,
1786,G6112,2014-03-06,,
1787,G6112,2014-03-09,,
1788,G6112,2014-03-13,,
1789,G6112,2014-03-16,,
1790,G6112,2014-03-20,,
1791,G6112,2014-03-23,,
1792,G6112,2014-03-27,,
1793,G6112,2014-03-30,,
1794,G6112,2014-04-03,,
1795,G6112,2014-04-06,,
1796,G6112,2014-04-10,,
1797,G6112,2014-04-13,,
1798,G6112,2014-04-17,,
1799,G6112,2014-04-20,,
1800,G6112,2014-04-24,,
1801,G6112,2014-04-27,,
1802,G6112,2014-05-01,,
1803,G6112,2014-05-04,,
1804,G6112,2014-05-08,,
1805,G6112,2014-05-11,,
1806,G6112,2014-05-15,,
1807,G6112,2014-05-18,,
1808,G6112,2014-05-22,,
1809,G6112,2014-05-25,,
1810,G6112,2014-05-29,,
1811,G6112,2014-06-01,,
1812,G6112,2014-06-05,,
1813,G6112,2014-06-08,,
1814,G6112,2014-06-12,,
1815,G6112,2014-06-15,,
1816,G6112,2014-06-19,,
1817,G6112,2014-06-22,,
1818,G6112,2014-06-26,,
1819,G6112,2014-06-29,,
1820,G6112,2014-07-03,,
1821,G6112,2014-07-06,,
1822,G6112,2014-07-10,,
1823,G6112,2014-07-13,,
1824,G6112,2014-07-17,,
1825,G6112,2014-07-20,,
1826,G6112,2014-07-24,,
1827,G6112,2014-07-27,,
1828,G6112,2014-07-31,,
1829,G6112,2014-08-03,,
1830,G6112,2014-08-07,,
1831,G6112,2014-08-10,,
1832,G6112,2014-08-14,,
1833,G6112,2014-08-17,,
1834,G6112,2014-08-21,,
1835,G6112,2014-08-24,,
1836,G6112,2014-08-28,,
1837,G6112,2014-08-31,,
1838,G6112,2014-09-04,,
1839,G6112,2014-09-07,,
1840,G6112,2014-09-11,,
1841,G6112,2014-09-14,,
1842,G6112,2014-09-18,,
1843,G6112,2014-09-21,,
1844,G6112,2014-09-25,,
1845,G6112,2014-09-28,,
1846,G6112,2014-10-02,,
1847,G6112,2014-10-05,,
1848,G6112,2014-10-09,,
1849,G6112,2014-10-12,,
1850,G6112,2014-10-16,,
1851,G6112,2014-10-19,,
1852,G6112,2014-10-23,,
1853,G6112,2014-10-26,,
1854,G6112,2014-10-30,,
1855,G6112,2014-11-02,,
1856,G6112,2014-11-06,,
1857,G6112,2014-11-09,,
1858,G6112,2014-11-13,,
1859,G6112,2014-11-16,,
1860,G6112,2014-11-20,,
1861,G6112,2014-11-23,,
1862,G6112,2014-11-27,,
1863,G6112,2014-11-30,,
1864,G6112,2014-12-04,,
1865,G6112,2014-12-07,,
1866,G6112,2014-12-11,,
1867,G6112,2014-12-14,,
1868,G6112,2014-12-18,,
1869,G6112,2014-12-21,,
1870,G6112,2014-12-25,,
1871,G6112,2014-12-28,,
1872,G6112,2015-01-02,,
1873,G6112,2015-01-05,,
1874,G6112,2015-01-09,,
1875,G6112,2015-01-12,,
1876,G6112,2015-01-16,,
1877,G6112,2015-01-19,,
1878,G6112,2015-01-23,,
1879,G6112,2015-01-26,,
1880,G6112,2015-01-30,,
1881,G6112,2015-02-02,,
1882,G6112,2015-02-06,,
1883,G6112,2015-02-09,,
1884,G6112,2015-02-13,,
1885,G6112,2015-02-16,,
1886,G6112,2015-02-20,,
1887,G6112,2015-02-23,,
1888,G6112,2015-02-27,,
1889,G6112,2015-03-02,,
1890,G6112,2015-03-06,,
1891,G6112,2015-03-09,,
1892,G6112,2015-03-13,,
1893,G6112,2015-03-16,,
1894,G6112,2015-03-20,,
1895,G6112,2015-03-23,,
1896,G6112,2015-03-27,,
1897,G6112,2015-03-30,,
1898,G6112,2015-04-03,,
1899,G6112,2015-04-06,,
1900,G6112,2015-04-10,,
1901,G6112,2015-04-13,,
1902,G6112,2015-04-17,,
1903,G6112,2015-04-20,,
1904,G6112,2015-04-24,,
1905,G6112,2015-04-27,,
1906,G6112,2015-05-01,,
1907,G6112,2015-05-04,,
1908,G6112,2015-05-08,,
1909,G6112,2015-05-11,,
1910,G6112,2015-05-15,,
1911,G6112,2015-05-18,,
1912,G6112,2015-05-22,,
1913,G6112,2015-05-25,,
1914,G6112,2015-05-29,,
1915,G6112,2015-06-01,,
1916,G6112,2015-06-05,,
1917,G6112,2015-06-08,,
1918,G6112,2015-06-12,,
1919,G6112,2015-06-15,,
1920,G6112,2015-06-19,,
1921,G6112,2015-06-22,,
1922,G6112,2015-06-26,,
1923,G6112,2015-06-29,,
1924,G6112,2015-07-03,,
1925,G6112,2015-07-06,,
1926,G6112,2015-07-10,,
1927,G6112,2015-07-13,,
1928,G6112,2015-07-17,,
1929,G6112,2015-07-20,,
1930,G6112,2015-07-24,,
1931,G6112,2015-07-27,,
1932,G6112,2015-07-31,,
1933,G6112,2015-08-03,,
1934,G6112,2015-08-07,,
1935,G6112,2015-08-10,,
1936,G6112,2015-08-14,,
1937,G6112,2015-08-17,,
1938,G6112,2015-08-21,,
1939,G6112,2015-08-24,,
1940,G6112,2015-08-28,,
1941,G6112,2015-08-31,,
1942,G6112,2015-09-04,,
1943,G6112,2015-09-07,,
1944,G6112,2015-09-11,,
1945,G6112,2015-09-14,,
1946,G6112,2015-09-18,,
1947,G6112,2015-09-21,,
1948,G6112,2015-09-25,,
1949,G6112,2015-09-28,,
1950,G6112,2015-10-02,,
1951,G6112,2015-10-05,,
1952,G6112,2015-10-09,,
1953,G6112,2015-10-12,,
1954,G6112,2015-10-16,,
1955,G6112,2015-10-19,,
1956,G6112,2015-10-23,,
1957,G6112,2015-10-26,,
1958,G6112,2015-10-30,,
1959,G6112,2015-11-02,,
1960,G6112,2015-11-06,,
1961,G6112,2015-11-09,,
1962,G6112,2015-11-13,,
1963,G6112,2015-11-16,,
1964,G6112,2015-11-20,,
1965,G6112,2015-11-23,,
1966,G6112,2015-11-27,,
1967,G6112,2015-11-30,,
1968,G6112,2015-12-04,,
1969,G6112,2015-12-07,,
1970,G6112,2015-12-11,,
1971,G6112,2015-12-14,,
1972,G6112,2015-12-18,,
1973,G6112,2015-12-21,,
1974,G6112,2015-12-25,,
1975,G6112,2015-12-28,,
1976,G6112,2016-01-02,,
1977,G6112,2016-01-05,,
1978,G6112,2016-01-09,,
1979,G6112,2016-01-12,,
1980,G6112,2016-01-16,,
1981,G6112,2016-01-19,,
1982,G6112,2016-01-23,,
1983,G6112,2016-01-26,,
1984,G6112,2016-01-30,,
1985,G6112,2016-02-02,,
1986,G6112,2016-02-06,,
1987,G6112,2016-02-09,,
1988,G6112,2016-02-13,,
1989,G6112,2016-02-16,,
1990,G6112,2016-02-20,,
1991,G6112,2016-02-23,,
1992,G6112,2016-02-27,,
1993,G6112,2016-03-02,,
1994,G6112,2016-03-06,,
1995,G6112,2016-03-09,,
1996,G6112,2016-03-13,,
1997,G6112,2016-03-16,,
1998,G6112,2016-03-20,,
1999,G6112,2016-03-23,,
2000,G6112,2016-03-27,,
2001,G6112,2016-03-30,,
2002,G6112,2016-04-03,,
2003,G6112,2016-04-06,,
2004,G6112,2016-04-10,,
2005,G6112,2016-04-13,,
2006,G6112,2016-04-17,,
2007,G6112,2016-04-20,,
2008,G6112,2016-04-24,,
2009,G6112,2016-04-27,,
2010,G6112,2016-05-01,,
2011,G6112,2016-05-04,,
2012,G6112,2016-05-08,,
2013,G6112,2016-05-11,,
2014,G6112,2016-05-15,,
2015,G6112,2016-05-18,,
2016,G6112,2016-05-22,,
2017,G6112,2016-05-25,,
2018,G6112,2016-05-29,,
2019,G6112,2016-06-01,,
2020,G6112,2016-06-05,,
2021,G6112,2016-06-08,,
2022,G6112,2016-06-12,,
2023,G6112,2016-06-15,,
2024,G6112,2016-06-19,,
2025,G6112,2016-06-22,,
2026,G6112,2016-06-26,,
2027,G6112,2016-06-29,,
2028,G6112,2016-07-03,,
2029,G6112,2016-07-06,,
2030,G6112,2016-07-10,,
2031,G6112,2016-07-13,,
2032,G6112,2016-07-17,,
2033,G6112,2016-07-20,,
2034,G6112,2016-07-24,,
2035,G6112,2016-07-27,,
2036,G6112,2016-07-31,,
2037,G6112,2016-08-03,,
2038,G6112,2016-08-07,,
2039,G6112,2016-08-10,,
2040,G6112,2016-08-14,,
2041,G6112,2016-08-17,,
2042,G6112,2016-08-21,,
2043,G6112,2016-08-24,,
2044,G6112,2016-08-28,,
2045,G6112,2016-08-31,,
2046,G6112,2016-09-04,,
2047,G6112,2016-09-07,,
2048,G6112,2016-09-11,,
2049,G6112,2016-09-14,,
2050,G6112,2016-09-18,,
2051,G6112,2016-09-21,,
2052,G6112,2016-09-25,,
2053,G6112,2016-09-28,,
2054,G6112,2016-10-02,,
2055,G6112,2016-10-05,,
2056,G6112,2016-10-09,,
2057,G6112,2016-10-12,,
2058,G6112,2016-10-16,,
2059,G6112,2016-10-19,,
2060,G6112,2016-10-23,,
2061,G6112,2016-10-26,,
2062,G6112,2016-10-30,,
2063,G6112,2016-11-02,,
2064,G6112,2016-11-06,,
2065,G6112,2016-11-09,,
2066,G6112,2016-11-13,,
2067,G6112,2016-11-16,,
2068,G6112,2016-11-20,,
2069,G6112,2016-11-23,,
2070,G6112,2016-11-27,,
2071,G6112,2016-11-30,,
2072,G6112,2016-12-04,,
2073,G6112,2016-12-07,,
2074,G6112,2016-12-11,,
2075,G6112,2016-12-14,,
2076,G6112,2016-12-18,,
2077,G6112,2016-12-21,,
2078,G6112,2016-12-25,,
2079,G6112,2016-12-28,,
2080,G6112,2017-01-02,,
2081,G6112,2017-01-05,,
2082,G6112,2017-01-09,,
2083,G6112,2017-01-12,,
2084,G6112,2017-01-16,,
2085,G6112,2017-01-19,,
2086,G6112,2017-01-23,,
2087,G6112,2017-01-26,,
2088,G6112,2017-01-30,,
2089,G6112,2017-02-02,,
2090,G6112,2017-02-06,,
2091,G6112,2017-02-09,,
2092,G6112,2017-02-13,,
2093,G6112,2017-02-16,,
2094,G6112,2017-02-20,,
2095,G6112,2017-02-23,,
2096,G6112,2017-02-27,,
2097,G6112,2017-03-02,,
2098,G6112,2017-03-06,,
2099,G6112,2017-03-09,,
2100,G6112,2017-03-13,,
2101,G6112,2017-03-16,,
2102,G6112,2017-03-20,,
2103,G6112,2017-03-23,,
2104,G6112,2017-03-27,,
2105,G6112,2017-03-30,,
2106,G6112,2017-04-03,,
2107,G6112,2017-04-06,,
2108,G6112,2017-04-10,,
2109,G6112,2017-04-13,,
2110,G6112,2017-04-17,,
2111,G6112,2017-04-20,,
2112,G6112,2017-04-24,,
2113,G6112,2017-04-27,,
2114,G6112,2017-05-01,,
2115,G6112,2017-05-04,,
2116,G6112,2017-05-08,,
2117,G6112,2017-05-11,,
2118,G6112,2017-05-15,,
2119,G6112,2017-05-18,,
2120,G6112,2017-05-22,,
2121,G6112,2017-05-25,,
2122,G6112,2017-05-29,,
2123,G6112,2017-06-01,,
2124,G6112,2017-06-05,,
2125,G6112,2017-06-08,,
2126,G6112,2017-06-12,,
2127,G6112,2017-06-15,,
2128,G6112,2017-06-19,,
2129,G6112,2017-06-22,,
2130,G6112,2017-06-26,,
2131,G6112,2017-06-29,,
2132,G6112,2017-07-03,,
2133,G6112,2017-07-06,,
2134,G6112,2017-07-10,,
2135,G6112,2017-07-13,,
2136,G6112,2017-07-17,,
2137,G6112,2017-07-20,,
2138,G6112,2017-07-24,,
2139,G6112,2017-07-27,,
2140,G6112,2017-07-31,,
2141,G6112,2017-08-03,,
2142,G6112,2017-08-07,,
2143,G6112,2017-08-10,,
2144,G6112,2017-08-14,,
2145,G6112,2017-08-17,,
2146,G6112,2017-08-21,,
2147,G6112,2017-08-24,,
2148,G6112,2017-08-28,,
2149,G6112,2017-08-31,,
2150,G6112,2017-09-04,,
2151,G6112,2017-09-07,,
2152,G6112,2017-09-11,,
2153,G6112,2017-09-14,,
2154,G6112,2017-09-18,,
2155,G6112,2017-09-21,,
2156,G6112,2017-09-25,,
2157,G6112,2017-09-28,,
2158,G6112,2017-10-02,,
2159,G6112,2017-10-05,,
2160,G6112,2017-10-09,,
2161,G6112,2017-10-12,,
2162,G6112,2017-10-16,,
2163,G6112,2017-10-19,,
2164,G6112,2017-10-23,,
2165,G6112,2017-10-26,,
2166,G6112,2017-10-30,,
2167,G6112,2017-11-02,,
2168,G6112,2017-11-06,,
2169,G6112,2017-11-09,,
2170,G6112,2017-11-13,,
2171,G6112,2017-11-16,,
2172,G6112,2017-11-20,,
2173,G6112,2017-11-23,,
2174,G6112,2017-11-27,,
2175,G6112,2017-11-30,,
2176,G6112,2017-12-04,,
2177,G6112,2017-12-07,,
2178,G6112,2017-12-11,,
2179,G6112,2017-12-14,,
2180,G6112,2017-12-18,,
2181,G6112,2017-12-21,,
2182,G6112,2017-12-25,,
2183,G6112,2017-12-28,,
2184,G6112,2018-01-01,,
2185,G6112,2018-01-04,,
2186,G6112,2018-01-08,,
2187,G6112,2018-01-11,,
2188,G6112,2018-01-15,,
2189,G6112,2018-01-18,,
2190,G6112,2018-01-22,,
2191,G6112,2018-01-25,,
2192,G6112,2018-01-29,,
2193,G6112,2018-02-01,,
2194,G6112,2018-02-05,,
2195,G6112,2018-02-08,,
2196,G6112,2018-02-12,,
2197,G6112,2018-02-15,,
2198,G6112,2018-02-19,,
2199,G6112,2018-02-22,,
2200,G6112,2018-02-26,,
2201,G6112,2018-03-01,,
2202,G6112,2018-03-05,,
2203,G6112,2018-03-08,,
2204,G6112,2018-03-12,,
2205,G6112,2018-03-15,,
2206,G6112,2018-03-19,,
2207,G6112,2018-03-22,,
2208,G6112,2018-03-26,,
2209,G6112,2018-03-29,,
2210,G6112,2018-04-02,,
2211,G6112,2018-04-05,,
2212,G6112,2018-04-09,,
2213,G6112,2018-04-12,,
2214,G6112,2018-04-16,,
2215,G6112,2018-04-19,,
2216,G6112,2018-04-23,,
2217,G6112,2018-04-26,,
2218,G6112,2018-04-30,,
2219,G6112,2018-05-03,,
2220,G6112,2018-05-07,,
2221,G6112,2018-05-10,,
2222,G6112,2018-05-14,,
2223,G6112,2018-05-17,,
2224,G6112,2018-05-21,,
2225,G6112,2018-05-24,,
2226,G6112,2018-05-28,,
2227,G6112,2018-05-31,,
2228,G6112,2018-06-04,,
2229,G6112,2018-06-07,,
2230,G6112,2018-06-11,,
2231,G6112,2018-06-14,,
2232,G6112,2018-06-18,,
2233,G6112,2018-06-21,,
2234,G6112,2018-06-25,,
2235,G6112,2018-06-28,,
2236,G6112,2018-07-01,,
2237,G6112,2018-07-02,,
2238,G6112,2018-07-03,,
2239,G6112,2018-07-04,,
2240,G6112,2018-07-05,,
2241,G6112,2018-07-06,,
2242,G6112,2018-07-07,,
2243,G6112,2018-07-08,,
2244,G6112,2018-07-09,,
2245,G6112,2018-07-10,,
2246,G6112,2018-07-11,,
2247,G6112,2018-07-12,,
2248,G6112,2018-07-13,,
2249,G6112,2018-07-14,,
2250,G6112,2018-07-15,,
2251,G6112,2018-07-16,,
2252,G6112,2018-07-17,,
2253,G6112,2018-07-18,,
2254,G6112,2018-07-19,,
2255,G6112,2018-07-20,,
2256,G6112,2018-07-21,,
2257,G6112,2018-07-22,,
2258,G6112,2018-07-23,,
2259,G6112,2018-07-24,,
2260,G6112,2018-07-25,,
2261,G6112,2018-07-26,,
2262,G6112,2018-07-27,,
2263,G6112,2018-07-28,,
2264,G6112,2018-07-29,,
2265,G6112,2018-07-30,,
2266,G6112,2018-07-31,,
2267,G6112,2018-08-01,,
2268,G6112,2018-08-02,,
2269,G6112,2018-08-03,,
2270,G6112,2018-08-04,,
2271,G6112,2018-08-05,,
2272,G6112,2018-08-06,,
2273,G6112,2018-08-07,,
2274,G6112,2018-08-08,,
2275,G6112,2018-08-09,,
2276,G6112,2018-08-10,,
2277,G6112,2018-08-11,,
2278,G6112,2018-08-12,,
2279,G6112,2018-08-13,,
2280,G6112,2018-08-14,,
2281,G6112,2018-08-15,,
2282,G6112,2018-08-16,,
2283,G6112,2018-08-17,,
2284,G6112,2018-08-18,,
2285,G6112,2018-08-19,,
2286,G6112,2018-08-20,,
2287,G6112,2018-08-21,,
2288,G6112,2018-08-22,,
2289,G6112,2018-08-23,,
2290,G6112,2018-08-24,,
2291,G6112,2018-08-25,,
2292,G6112,2018-08-26,,
2293,G6112,2018-08-27,,
2294,G6112,2018-08-28,,
2295,G6112,2018-08-29,,
2296,G6112,2018-08-30,,
2297,G6112,2018-08-31,,
2298,G6112,2018-09-01,,
2299,G6112,2018-09-02,,
2300,G6112,2018-09-03,,
2301,G6112,2018-09-04,,
2302,G6112,2018-09-05,,
2303,G6112,2018-09-06,,
2304,G6112,2018-09-07,,
2305,G6112,2018-09-08,,
2306,G6112,2018-09-09,,
2307,G6112,2018-09-10,,
2308,G6112,2018-09-11,,
2309,G6112,2018-09-12,,
2310,G6112,2018-09-13,,
2311,G6112,2018-09-14,,
2312,G6112,2018-09-15,,
2313,G6112,2018-09-16,,
2314,G6112,2018-09-17,,
2315,G6112,2018-09-18,,
2316,G6112,2018-09-19,,
2317,G6112,2018-09-20,,
2318,G6112,2018-09-21,,
2319,G6112,2018-09-22,,
2320,G6112,2018-09-23,,
2321,G6112,2018-09-24,,
2322,G6112,2018-09-25,,
2323,G6112,2018-09-26,,
2324,G6112,2018-09-27,,
2325,G6112,2018-09-28,,
2326,G6112,2018-09-29,,
2327,G6112,2018-09-30,,
2328,G6112,2018-10-01,,
2329,G6112,2018-10-02,,
2330,G6112,2018-10-03,,
2331,G6112,2018-10-04,,
2332,G6112,2018-10-05,,
2333,G6112,2018-10-06,,
2334,G6112,2018-10-07,,
2335,G6112,2018-10-08,,
2336,G6112,2018-10-09,,
2337,G6112,2018-10-10,,
2338,G6112,2018-10-11,,
2339,G6112,2018-10-12,,
2340,G6112,2018-10-13,,
2341,G6112,2018-10-14,,
2342,G6112,2018-10-15,,
2343,G6112,2018-10-16,,
2344,G6112,2018-10-17,,
2345,G6112,2018-10-18,,
2346,G6112,2018-10-19,,
2347,G6112,2018-10-20,,
2348,G6112,2018-10-21,,
2349,G6112,2018-10-22,,
2350,G6112,2018-10-23,,
2351,G6112,2018-10-24,,
2352,G6112,2018-10-25,,
2353,G6112,2018-10-26,,
2354,G6112,2018-10-27,,
2355,G6112,2018-10-28,,
2356,G6112,2018-10-29,,
2357,G6112,2018-10-30,,
2358,G6112,2018-10-31,,
2359,G6112,2018-11-01,,
2360,G6112,2018-11-02,,
2361,G6112,2018-11-03,,
2362,G6112,2018-11-04,,
2363,G6112,2018-11-05,,
2364,G6112,2018-11-06,,
2365,G6112,2018-11-07,,
2366,G6112,2018-11-08,,
2367,G6112,2018-11-09,,
2368,G6112,2018-11-10,,
2369,G6112,2018-11-11,,
2370,G6112,2018-11-12,,
2371,G6112,2018-11-13,,
2372,G6112,2018-11-14,,
2373,G6112,2018-11-15,,
2374,G6112,2018-11-16,,
2375,G6112,2018-11-17,,
2376,G6112,2018-11-18,,
2377,G6112,2018-11-19,,
2378,G6112,2018-11-20,,
2379,G6112,2018-11-21,,
2380,G6112,2018-11-22,,
2381,G6112,2018-11-23,,
2382,G6112,2018-11-24,,
2383,G6112,2018-11-25,,
2384,G6112,2018-11-26,,
2385,G6112,2018-11-27,,
2386,G6112,2018-11-28,,
2387,G6112,2018-11-29,,
2388,G6112,2018-11-30,,
2389,G6112,2018-12-01,,
2390,G6112,2018-12-02,,
2391,G6112,2018-12-03,,
2392,G6112,2018-12-04,,
2393,G6112,2018-12-05,,
2394,G6112,2018-12-06,,
2395,G6112,2018-12-07,,
2396,G6112,2018-12-08,,
2397,G6112,2018-12-09,,
2398,G6112,2018-12-10,,
2399,G6112,2018-12-11,,
2400,G6112,2018-12-12,,
2401,G6112,2018-12-13,,
2402,G6112,2018-12-14,,
2403,G6112,2018-12-15,,
2404,G6112,2018-12-16,,
2405,G6112,2018-12-17,,
2406,G6112,2018-12-18,,
2407,G6112,2018-12-19,,
2408,G6112,2018-12-20,,
2409,G6112,2018-12-21,,
2410,G6112,2018-12-22,,
2411,G6112,2018-12-23,,
2412,G6112,2018-12-24,,
2413,G6112,2018-12-25,,
2414,G6112,2018-12-26,,
2415,G6112,2018-12-27,,
2416,G6112,2018-12-28,,
2417,G6112,2018-12-29,,
2418,G6112,2018-12-30,,
2419,G6112,2018-12-31,,
2420,G6112,2019-01-01,,
2421,G6112,2019-01-02,,
2422,G6112,2019-01-03,,
2423,G6112,2019-01-04,,
2424,G6112,2019-01-05,,
2425,G6112,2019-01-06,,
2426,G6112,2019-01-07,,
2427,G6112,2019-01-08,,
2428,G6112,2019-01-09,,
2429,G6112,2019-01-10,,
2430,G6112,2019-01-11,,
2431,G6112,2019-01-12,,
2432,G6112,2019-01-13,,
2433,G6112,2019-01-14,,
2434,G6112,2019-01-15,,
2435,G6112,2019-01-16,,
2436,G6112,2019-01-17,,
2437,G6112,2019-01-18,,
2438,G6112,2019-01-19,,
2439,G6112,2019-01-20,,
2440,G6112,2019-01-21,,
2441,G6112,2019-01-22,,
2442,G6112,2019-01-23,,
2443,G6112,2019-01-24,,
2444,G6112,2019-01-25,,
2445,G6112,2019-01-26,,
2446,G6112,2019-01-27,,
2447,G6112,2019-01-28,,
2448,G6112,2019-01-29,,
2449,G6112,2019-01-30,,
2450,G6112,2019-01-31,,
2451,G6112,2019-02-01,,
2452,G6112,2019-02-02,,
2453,G6112,2019-02-03,,
2454,G6112,2019-02-04,,
2455,G6112,2019-02-05,,
2456,G6112,2019-02-06,,
2457,G6112,2019-02-07,,
2458,G6112,2019-02-08,,
2459,G6112,2019-02-09,,
2460,G6112,2019-02-10,,
2461,G6112,2019-02-11,,
2462,G6112,2019-02-12,,
2463,G6112,2019-02-13,,
2464,G6112,2019-02-14,,
2465,G6112,2019-02-15,,
2466,G6112,2019-02-16,,
2467,G6112,2019-02-17,,
2468,G6112,2019-02-18,,
2469,G6112,2019-02-19,,
2470,G6112,2019-02-20,,
2471,G6112,2019-02-21,,
2472,G6112,2019-02-22,,
2473,G6112,2019-02-23,,
2474,G6112,2019-02-24,,
2475,G6112,2019-02-25,,
2476,G6112,2019-02-26,,
2477,G6112,2019-02-27,,
2478,G6112,2019-02-28,,
2479,G6112,2019-03-01,,
2480,G6112,2019-03-02,,
2481,G6112,2019-03-03,,
2482,G6112,2019-03-04,,
2483,G6112,2019-03-05,,
2484,G6112,2019-03-06,,
2485,G6112,2019-03-07,,
2486,G6112,2019-03-08,,
2487,G6112,2019-03-09,,
2488,G6112,2019-03-10,,
2489,G6112,2019-03-11,,
2490,G6112,2019-03-12,,
2491,G6112,2019-03-13,,
2492,G6112,2019-03-14,,
2493,G6112,2019-03-15,,
2494,G6112,2019-03-16,,
2495,G6112,2019-03-17,,
2496,G6112,2019-03-18,,
2497,G6112,2019-03-19,,
2498,G6112,2019-03-20,,
2499,G6112,2019-03-21,,
2500,G6112,2019-03-22,,
2501,G6112,2019-03-23,,
2502,G6112,2019-03-24,,
2503,G6112,2019-03-25,,
2504,G6112,2019-03-26,,
2505,G6112,2019-03-27,,
2506,G6112,2019-03-28,,
2507,G6112,2019-03-29,,
2508,G6112,2019-03-30,,
2509,G6112,2019-03-31,,
2510,G6112,2019-04-01,,
2511,G6112,2019-04-02,,
2512,G6112,2019-04-03,,
2513,G6112,2019-04-04,,
2514,G6112,2019-04-05,,
2515,G6112,2019-04-06,,
2516,G6112,2019-04-07,,
2517,G6112,2019-04-08,,
2518,G6112,2019-04-09,,
2519,G6112,2019-04-10,,
2520,G6112,2019-04-11,,
2521,G6112,2019-04-12,,
2522,G6112,2019-04-13,,
2523,G6112,2019-04-14,,
2524,G6112,2019-04-15,,
2525,G6112,2019-04-16,,
2526,G6112,2019-04-17,,
2527,G6112,2019-04-18,,
2528,G6112,2019-04-19,,
2529,G6112,2019-04-20,,
2530,G6112,2019-04-21,,
2531,G6112,2019-04-22,,
2532,G6112,2019-04-23,,
2533,G6112,2019-04-24,,
2534,G6112,2019-04-25,,
2535,G6112,2019-04-26,,
2536,G6112,2019-04-27,,
2537,G6112,2019-04-28,,
2538,G6112,2019-04-29,,
2539,G6112,2019-04-30,,
2540,G6112,2019-05-01,,
2541,G6112,2019-05-02,,
2542,G6112,2019-05-03,,
2543,G6112,2019-05-04,,
2544,G6112,2019-05-05,,
2545,G6112,2019-05-06,,
2546,G6112,2019-05-07,,
2547,G6112,2019-05-08,,
2548,G6112,2019-05-09,,
2549,G6112,2019-05-10,,
2550,G6112,2019-05-11,,
2551,G6112,2019-05-12,,
2552,G6112,2019-05-13,,
2553,G6112,2019-05-14,,
2554,G6112,2019-05-15,,
2555,G6112,2019-05-16,,
2556,G6112,2019-05-17,,
2557,G6112,2019-05-18,,
2558,G6112,2019-05-19,,
2559,G6112,2019-05-20,,
2560,G6112,2019-05-21,,
2561,G6112,2019-05-22,,
2562,G6112,2019-05-23,,
2563,G6112,2019-05-24,,
2564,G6112,2019-05-25,,
2565,G6112,2019-05-26,,
2566,G6112,2019-05-27,,
2567,G6112,2019-05-28,,
2568,G6112,2019-05-29,,
2569,G6112,2019-05-30,,
2570,G6112,2019-05-31,,
2571,G6112,2019-06-01,,
2572,G6112,2019-06-02,,
2573,G6112,2019-06-03,,
2574,G6112,2019-06-04,,
2575,G6112,2019-06-05,,
2576,G6112,2019-06-06,,
2577,G6112,2019-06-07,,
2578,G6112,2019-06-08,,
2579,G6112,2019-06-09,,
2580,G6112,2019-06-10,,
2581,G6112,2019-06-11,,
2582,G6112,2019-06-12,,
2583,G6112,2019-06-13,,
2584,G6112,2019-06-14,,
2585,G6112,2019-06-15,,
2586,G6112,2019-06-16,,
2587,G6112,2019-06-17,,
2588,G6112,2019-06-18,,
2589,G6112,2019-06-19,,
2590,G6112,2019-06-20,,
2591,G6112,2019-06-21,,
2592,G6112,2019-06-22,,
2593,G6112,2019-06-23,,
2594,G6112,2019-06-24,,
2595,G6112,2019-06-25,,
2596,G6112,2019-06-26,,
2597,G6112,2019-06-27,,
2598,G6112,2019-06-28,,
2599,G6112,2019-06-29,,
2600,G6112,2019-06-30,,
2601,G6112,2019-07-01,,
2602,G6112,2019-07-02,,
2603,G6112,2019-07-03,,
2604,G6112,2019-07-04,,
2605,G6112,2019-07-05,,
2606,G6112,2019-07-06,,
2607,G6112,2019-07-07,,
2608,G6112,2019-07-08,,
2609,G6112,2019-07-09,,
2610,G6112,2019-07-10,,
2611,G6112,2019-07-11,,
2612,G6112,2019-07-12,,
2613,G6112,2019-07-13,,
2614,G6112,2019-07-14,,
2615,G6112,2019-07-15,,
2616,G6112,2019-07-16,,
2617,G6112,2019-07-17,,
2618,G6112,2019-07-18,,
2619,G6112,2019-07-19,,
2620,G6112,2019-07-20,,
2621,G6112,2019-07-21,,
2622,G6112,2019-07-22,,
2623,G6112,2019-07-23,,
2624,G6112,2019-07-24,,
2625,G6112,2019-07-25,,
2626,G6112,2019-07-26,,
2627,G6112,2019-07-27,,
2628,G6112,2019-07-28,,
2629,G6112,2019-07-29,,
2630,G6112,2019-07-30,,
2631,G6112,2019-07-31,,
2632,G6112,2019-08-01,,
2633,G6112,2019-08-02,,
2634,G6112,2019-08-03,,
2635,G6112,2019-08-04,,
2636,G6112,2019-08-05,,
2637,G6112,2019-08-06,,
2638,G6112,2019-08-07,,
2639,G6112,2019-08-08,,
2640,G6112,2019-08-09,,
2641,G6112,2019-08-10,,
2642,G6112,2019-08-11,,
2643,G6112,2019-08-12,,
2644,G6112,2019-08-13,,
2645,G6112,2019-08-14,,
2646,G6112,2019-08-15,,
2647,G6112,2019-08-16,,
2648,G6112,2019-08-17,,
2649,G6112,2019-08-18,,
2650,G6112,2019-08-19,,
2651,G6112,2019-08-20,,
2652,G6112,2019-08-21,,
2653,G6112,2019-08-22,,
2654,G6112,2019-08-23,,
2655,G6112,2019-08-24,,
2656,G6112,2019-08-25,,
2657,G6112,2019-08-26,,
2658,G6112,2019-08-27,,
2659,G6112,2019-08-28,,
2660,G6112,2019-08-29,,
2661,G6112,2019-08-30,,
2662,G6112,2019-08-31,,
