Shape_Leng,Shape_Area,ADM2_EN,ADM2_PCODE,ADM2_REF,ADM2ALT1EN,ADM2ALT2EN,ADM1_EN,ADM1_PCODE,ADM0_EN,ADM0_PCODE,date,validOn,ValidTo,_count,_sum,_mean,_count_1,_sum_1,_mean_1
1.74698642520,0.04082931093,Ainabkoi,KE027144,,,,Uasin Gishu,KE027,Kenya,KE,2017/11/03,2018/06/07,,591.000000000000000,216.046171471476550,0.365560357819757,598.000000000000000,49017.000000000000000,81.968227424749159
0.91730661057,0.01995665039,Ainamoi,KE035190,,,,Kericho,KE035,Kenya,KE,2017/11/03,2018/06/07,,285.000000000000000,122.475871667265890,0.429739900586898,290.000000000000000,53072.000000000000000,183.006896551724140
1.40263735510,0.03799998692,Aldai,KE029152,,,,Nandi,KE029,Kenya,KE,2017/11/03,2018/06/07,,551.000000000000000,270.179234683513640,0.490343438627066,555.000000000000000,102671.000000000000000,184.992792792792780
1.08135431882,0.04935731431,Alego Usonga,KE041234,,,,Siaya,KE041,Kenya,KE,2017/11/03,2018/06/07,,719.000000000000000,373.078809380531310,0.518885687594619,715.000000000000000,141749.000000000000000,198.250349650349650
0.74391496491,0.02136547056,Awendo,KE044254,,,,Migori,KE044,Kenya,KE,2017/11/03,2018/06/07,,308.000000000000000,154.487076610326770,0.501581417565996,306.000000000000000,72890.000000000000000,238.202614379084960
0.79705528810,0.02423415567,Bahati,KE032174,,,,Nakuru,KE032,Kenya,KE,2017/11/03,2018/06/07,,348.000000000000000,108.633000716567040,0.312163795162549,347.000000000000000,31946.000000000000000,92.063400576368878
3.93716100020,0.39324541533,Balambala,KE007028,,,,Garissa,KE007,Kenya,KE,2017/11/03,2018/06/07,,5667.000000000000000,4144.468698024749800,0.731333809427342,5668.000000000000000,1446686.000000000000000,255.237473535638690
2.79936826970,0.24744612642,Banissa,KE009040,,,,Mandera,KE009,Kenya,KE,2017/11/03,2018/06/07,,3536.000000000000000,3174.994798779487600,0.897905768885602,3560.000000000000000,3080016.000000000000000,865.173033707865220
1.33254129891,0.05375807557,Baringo Central,KE030159,,,,Baringo,KE030,Kenya,KE,2017/11/03,2018/06/07,,774.000000000000000,407.360565245151520,0.526305639851617,770.000000000000000,148332.000000000000000,192.638961038961040
1.71859203540,0.13274071322,Baringo North,KE030158,,,,Baringo,KE030,Kenya,KE,2017/11/03,2018/06/07,,1908.000000000000000,1208.869872093200700,0.633579597533124,1905.000000000000000,529944.000000000000000,278.185826771653520
2.61185421842,0.14841538094,Baringo South,KE030160,,,,Baringo,KE030,Kenya,KE,2017/11/03,2018/06/07,,2135.000000000000000,1305.271935522556300,0.611368588066771,2140.000000000000000,521745.000000000000000,243.806074766355150
1.43485440469,0.03109399493,Belgut,KE035192,,,,Kericho,KE035,Kenya,KE,2017/11/03,2018/06/07,,443.000000000000000,203.481073737144470,0.459325222882945,449.000000000000000,165390.000000000000000,368.351893095768390
0.68205565835,0.01952843541,Bobasi,KE045264,,,,Kisii,KE045,Kenya,KE,2017/11/03,2018/06/07,,281.000000000000000,121.224279314279560,0.431403129232312,280.000000000000000,82335.000000000000000,294.053571428571440
0.44317039460,0.00927489122,Bomachoge Borabu,KE045263,,,,Kisii,KE045,Kenya,KE,2017/11/03,2018/06/07,,134.000000000000000,60.747777342796326,0.453341621961167,136.000000000000000,36389.000000000000000,267.566176470588230
0.50455127772,0.00828719657,Bomachoge Chache,KE045265,,,,Kisii,KE045,Kenya,KE,2017/11/03,2018/06/07,,119.000000000000000,50.261491507291794,0.422365474851192,116.000000000000000,25782.000000000000000,222.258620689655170
1.00094952497,0.02185147541,Bomet Central,KE036197,,,,Bomet,KE036,Kenya,KE,2017/11/03,2018/06/07,,310.000000000000000,121.930881321430210,0.393325423617517,315.000000000000000,91495.000000000000000,290.460317460317470
1.09768611641,0.02484685232,Bomet East,KE036196,,,,Bomet,KE036,Kenya,KE,2017/11/03,2018/06/07,,358.000000000000000,162.280568629503250,0.453297677736043,360.000000000000000,121327.000000000000000,337.019444444444450
0.40013436206,0.01029212773,Bonchari,KE045261,,,,Kisii,KE045,Kenya,KE,2017/11/03,2018/06/07,,147.000000000000000,62.149676501750946,0.422786914977898,151.000000000000000,35581.000000000000000,235.635761589403980
1.51309451715,0.10646806667,Bondo,KE041236,,,,Siaya,KE041,Kenya,KE,2017/11/03,2018/06/07,,1519.000000000000000,769.121541827917100,0.506334128918971,1552.000000000000000,239236.000000000000000,154.146907216494840
1.18656826475,0.02382830757,Borabu,KE046273,,,,Nyamira,KE046,Kenya,KE,2017/11/03,2018/06/07,,346.000000000000000,137.808786869049070,0.398291291529044,342.000000000000000,108676.000000000000000,317.766081871345020
0.64153200232,0.02523640202,Budalangi,KE040231,,,,Busia,KE040,Kenya,KE,2017/11/03,2018/06/07,,364.000000000000000,200.767144620418550,0.551558089616535,361.000000000000000,66384.000000000000000,183.889196675900280
0.97118940668,0.02805652556,Bumula,KE039219,,,,Bungoma,KE039,Kenya,KE,2017/11/03,2018/06/07,,403.000000000000000,191.683386355638500,0.475641157210021,403.000000000000000,44905.000000000000000,111.426799007444170
4.98777192828,1.10515698928,Bura,KE004020,,,,Tana River,KE004,Kenya,KE,2017/11/03,2018/06/07,,15918.000000000000000,11763.107461631298000,0.738981496521629,15916.000000000000000,5867207.000000000000000,368.635775320432290
0.77475763958,0.02564953536,Buret,KE035191,,,,Kericho,KE035,Kenya,KE,2017/11/03,2018/06/07,,369.000000000000000,141.995052993297580,0.384810441716254,369.000000000000000,92114.000000000000000,249.631436314363160
0.79803838810,0.01699795156,Butere,KE037207,,,,Kakamega,KE037,Kenya,KE,2017/11/03,2018/06/07,,240.000000000000000,117.392008632421490,0.489133369301756,245.000000000000000,19161.000000000000000,78.208163265306126
0.74060797046,0.01973917092,Butula,KE040229,,,,Busia,KE040,Kenya,KE,2017/11/03,2018/06/07,,285.000000000000000,155.794027090072630,0.546645709087974,286.000000000000000,41121.000000000000000,143.779720279720270
2.26975096432,0.10682048333,Buuri,KE012057,,,,Meru,KE012,Kenya,KE,2017/11/03,2018/06/07,,1525.000000000000000,706.523776464164260,0.463294279648632,1524.000000000000000,451877.000000000000000,296.507217847769030
1.96530797426,0.06270547166,Cental Imenti,KE012058,,,,Meru,KE012,Kenya,KE,2017/11/03,2018/06/07,,906.000000000000000,421.281542122364040,0.464990664594221,910.000000000000000,260533.000000000000000,286.300000000000010
0.25073577493,0.00185388869,Changamwe,KE001001,,,,Mombasa,KE001,Kenya,KE,2017/11/03,2018/06/07,,25.000000000000000,3.685333721339703,0.147413348853588,28.000000000000000,655.000000000000000,23.392857142857142
1.14107503270,0.04359472775,Chepalungu,KE036195,,,,Bomet,KE036,Kenya,KE,2017/11/03,2018/06/07,,631.000000000000000,325.744996130466460,0.516236126989646,630.000000000000000,252546.000000000000000,400.866666666666670
1.20107983018,0.05099034340,Cherangany,KE026140,,,,Trans Nzoia,KE026,Kenya,KE,2017/11/03,2018/06/07,,733.000000000000000,345.607509285211560,0.471497284154450,728.000000000000000,93792.000000000000000,128.835164835164850
1.15609636123,0.03949017310,Chesumei,KE029154,,,,Nandi,KE029,Kenya,KE,2017/11/03,2018/06/07,,567.000000000000000,238.009363323450090,0.419769600217725,565.000000000000000,71488.000000000000000,126.527433628318590
4.58150511135,0.56261020054,Dadaab,KE007030,,,,Garissa,KE007,Kenya,KE,2017/11/03,2018/06/07,,8091.000000000000000,6979.665076553821600,0.862645541534275,8092.000000000000000,4446493.000000000000000,549.492461690558570
0.26712846559,0.00198642271,Dagoretti,KE047276,,,,Nairobi,KE047,Kenya,KE,2017/11/03,2018/06/07,,29.000000000000000,2.524262377992272,0.087043530275596,31.000000000000000,553.000000000000000,17.838709677419356
0.93426168582,0.04617564302,Dujis,KE007027,,,,Garissa,KE007,Kenya,KE,2017/11/03,2018/06/07,,667.000000000000000,428.658552974462510,0.642666496213587,663.000000000000000,69274.000000000000000,104.485671191553550
1.43387614743,0.07577328531,Eldama Ravine,KE030162,,,,Baringo,KE030,Kenya,KE,2017/11/03,2018/06/07,,1088.000000000000000,495.164959818124770,0.455114852774012,1095.000000000000000,201426.000000000000000,183.950684931506860
4.09241834666,0.38545175874,Eldas,KE008037,,,,Wajir,KE008,Kenya,KE,2017/11/03,2018/06/07,,5548.000000000000000,5019.283338189125100,0.904701394770931,5552.000000000000000,3998918.000000000000000,720.266210374639740
0.13008507965,0.00066490196,Embakasi Central,KE047284,,,,Nairobi,KE047,Kenya,KE,2017/11/03,2018/06/07,,8.000000000000000,0.369351072236896,0.046168884029612,8.000000000000000,150.000000000000000,18.750000000000000
0.40526579202,0.00697580217,Embakasi East,KE047285,,,,Nairobi,KE047,Kenya,KE,2017/11/03,2018/06/07,,99.000000000000000,9.117532937321812,0.092096292296180,103.000000000000000,2728.000000000000000,26.485436893203882
0.14345205782,0.00044118126,Embakasi North,KE047283,,,,Nairobi,KE047,Kenya,KE,2017/11/03,2018/06/07,,7.000000000000000,0.161542180925608,0.023077454417944,6.000000000000000,89.000000000000000,14.833333333333334
0.24343104777,0.00142609820,Embakasi South,KE047282,,,,Nairobi,KE047,Kenya,KE,2017/11/03,2018/06/07,,20.000000000000000,0.794140869751573,0.039707043487579,21.000000000000000,296.000000000000000,14.095238095238095
0.16804456513,0.00079316644,Embakasi West,KE047286,,,,Nairobi,KE047,Kenya,KE,2017/11/03,2018/06/07,,12.000000000000000,0.363269192166626,0.030272432680552,10.000000000000000,138.000000000000000,13.800000000000001
1.40744027657,0.02948200890,Emgwen,KE029155,,,,Nandi,KE029,Kenya,KE,2017/11/03,2018/06/07,,433.000000000000000,193.824098765850070,0.447630713085104,422.000000000000000,65423.000000000000000,155.030805687203780
0.43181608400,0.00724525360,Emuhaya,KE038215,,,,Vihiga,KE038,Kenya,KE,2017/11/03,2018/06/07,,104.000000000000000,54.338383734226227,0.522484458982944,99.000000000000000,16382.000000000000000,165.474747474747490
0.93781983608,0.02641354041,Emurua Dikirr,KE032178,,,,Nakuru,KE032,Kenya,KE,2017/11/03,2018/06/07,,378.000000000000000,222.053127765655520,0.587442136946179,375.000000000000000,189302.000000000000000,504.805333333333350
1.28317477736,0.05435325350,Endebess,KE026137,,,,Trans Nzoia,KE026,Kenya,KE,2017/11/03,2018/06/07,,781.000000000000000,447.778987824916840,0.573340573399381,781.000000000000000,140935.000000000000000,180.454545454545470
5.27350132318,1.34739008043,Fafi,KE007031,,,,Garissa,KE007,Kenya,KE,2017/11/03,2018/06/07,,19395.000000000000000,15448.763685047626000,0.796533317094490,19394.000000000000000,9617667.000000000000000,495.909404970609440
0.76517875112,0.02220477651,Funyula,KE040230,,,,Busia,KE040,Kenya,KE,2017/11/03,2018/06/07,,314.000000000000000,175.348899602890010,0.558435985996465,316.000000000000000,61142.000000000000000,193.487341772151890
2.33793649722,0.10751861279,Gachoka,KE014065,,,,Embu,KE014,Kenya,KE,2017/11/03,2018/06/07,,1556.000000000000000,796.880325227975850,0.512133885107954,1554.000000000000000,514498.000000000000000,331.079794079794060
4.36625694526,0.78726747331,Galole,KE004019,,,,Tana River,KE004,Kenya,KE,2017/11/03,2018/06/07,,11344.000000000000000,8850.974164187908200,0.780233970749992,11315.000000000000000,7076252.000000000000000,625.386831639416760
2.56000399592,0.23882882812,Ganze,KE003015,,,,Kilifi,KE003,Kenya,KE,2017/11/03,2018/06/07,,3440.000000000000000,2239.396405100822400,0.650987327064193,3425.000000000000000,1083695.000000000000000,316.407299270073000
6.34278727113,1.29298088148,Garsen,KE004018,,,,Tana River,KE004,Kenya,KE,2017/11/03,2018/06/07,,18601.000000000000000,13385.015657722950000,0.719585810317883,18645.000000000000000,10644010.000000000000000,570.877447036739110
2.42070928019,0.04880061144,Gatanga,KE021110,,,,Murang'a,KE021,Kenya,KE,2017/11/03,2018/06/07,,718.000000000000000,199.648024022579190,0.278061314794679,704.000000000000000,88754.000000000000000,126.071022727272730
0.99312353053,0.01905620711,Gatundu North,KE022112,,,,Kiambu,KE022,Kenya,KE,2017/11/03,2018/06/07,,274.000000000000000,81.674963846802711,0.298083809659864,278.000000000000000,104979.000000000000000,377.622302158273380
0.93920627124,0.01801349252,Gatundu South,KE022111,,,,Kiambu,KE022,Kenya,KE,2017/11/03,2018/06/07,,257.000000000000000,89.311343982815742,0.347514957131579,256.000000000000000,132649.000000000000000,518.160156250000000
1.00595031960,0.03273817336,Gem,KE041235,,,,Siaya,KE041,Kenya,KE,2017/11/03,2018/06/07,,475.000000000000000,227.560629427433010,0.479075009320912,476.000000000000000,59407.000000000000000,124.804621848739500
1.02696406448,0.03794985651,Gichugu,KE020101,,,,Kirinyaga,KE020,Kenya,KE,2017/11/03,2018/06/07,,543.000000000000000,280.055721282958980,0.515756392786296,545.000000000000000,373317.000000000000000,684.985321100917420
1.89738899468,0.10269017526,Gilgil,KE032169,,,,Nakuru,KE032,Kenya,KE,2017/11/03,2018/06/07,,1487.000000000000000,438.304517894983290,0.294757577602544,1483.000000000000000,215571.000000000000000,145.361429534726910
0.75615730160,0.01405574000,Githunguri,KE022116,,,,Kiambu,KE022,Kenya,KE,2017/11/03,2018/06/07,,203.000000000000000,34.604149758815765,0.170463791915349,205.000000000000000,21312.000000000000000,103.960975609756100
0.87420384512,0.01516400781,Hamisi,KE038213,,,,Vihiga,KE038,Kenya,KE,2017/11/03,2018/06/07,,215.000000000000000,102.455537974834440,0.476537385929463,217.000000000000000,18881.000000000000000,87.009216589861751
0.89510651497,0.02185807402,Homa Bay,KE043249,,,,Homa Bay,KE043,Kenya,KE,2017/11/03,2018/06/07,,314.000000000000000,139.974336862564090,0.445778142874408,316.000000000000000,53031.000000000000000,167.819620253164540
2.17623463562,0.06518556537,Igembe Central,KE012052,,,,Meru,KE012,Kenya,KE,2017/11/03,2018/06/07,,935.000000000000000,614.860638439655300,0.657604960898027,941.000000000000000,169235.000000000000000,179.845908607863980
1.29499948157,0.08741114833,Igembe North,KE012053,,,,Meru,KE012,Kenya,KE,2017/11/03,2018/06/07,,1263.000000000000000,878.788220673799510,0.695794315656215,1260.000000000000000,289554.000000000000000,229.804761904761900
1.81656000318,0.06816645506,Igembe South,KE012051,,,,Meru,KE012,Kenya,KE,2017/11/03,2018/06/07,,979.000000000000000,684.802546709775920,0.699491876108045,982.000000000000000,280932.000000000000000,286.081466395111990
4.95243718201,0.66843135121,Ijara,KE007032,,,,Garissa,KE007,Kenya,KE,2017/11/03,2018/06/07,,9626.000000000000000,7271.175155043602000,0.755368289532890,9629.000000000000000,7290829.000000000000000,757.174057534531130
0.65369795770,0.01168537609,Ikolomani,KE037210,,,,Kakamega,KE037,Kenya,KE,2017/11/03,2018/06/07,,166.000000000000000,79.679425805807114,0.479996540998838,169.000000000000000,15275.000000000000000,90.384615384615387
9.28777185634,1.24506356936,Isiolo North,KE011049,,,,Isiolo,KE011,Kenya,KE,2017/11/03,2018/06/07,,17926.000000000000000,15170.157407765248000,0.846265614624860,17932.000000000000000,10614092.000000000000000,591.907874191389740
5.37904118181,0.81878669553,Isiolo South,KE011050,,,,Isiolo,KE011,Kenya,KE,2017/11/03,2018/06/07,,11799.000000000000000,9176.677739083766900,0.777750465216016,11792.000000000000000,4195276.000000000000000,355.773066485753080
0.33988211851,0.00258313410,Jomvu,KE001002,,,,Mombasa,KE001,Kenya,KE,2017/11/03,2018/06/07,,35.000000000000000,9.569947665557265,0.273427076158779,40.000000000000000,1686.000000000000000,42.149999999999999
1.13434656465,0.03034445234,Juja,KE022113,,,,Kiambu,KE022,Kenya,KE,2017/11/03,2018/06/07,,443.000000000000000,101.488892707973720,0.229094565932221,437.000000000000000,55709.000000000000000,127.480549199084660
0.38477073209,0.00456838149,Kabete,KE022119,,,,Kiambu,KE022,Kenya,KE,2017/11/03,2018/06/07,,63.000000000000000,6.640659525990486,0.105407294063341,62.000000000000000,1608.000000000000000,25.935483870967740
0.82264049415,0.02006014557,Kabondo Kasipul,KE043246,,,,Homa Bay,KE043,Kenya,KE,2017/11/03,2018/06/07,,285.000000000000000,118.895019352436070,0.417175506499776,283.000000000000000,44329.000000000000000,156.639575971731460
0.70080307196,0.01899091144,Kabuchai,KE039218,,,,Bungoma,KE039,Kenya,KE,2017/11/03,2018/06/07,,278.000000000000000,126.694574236869810,0.455735878549891,273.000000000000000,48543.000000000000000,177.813186813186800
3.67295365125,0.33418741884,Kacheliba,KE024131,,,,West Pokot,KE024,Kenya,KE,2017/11/03,2018/06/07,,4742.000000000000000,4234.047558069229100,0.892882234936573,4815.000000000000000,2769568.000000000000000,575.195846313603280
1.06695926339,0.03285989439,Kaiti,KE017085,,,,Makueni,KE017,Kenya,KE,2017/11/03,2018/06/07,,467.000000000000000,153.998112499713900,0.329760412204955,472.000000000000000,82628.000000000000000,175.059322033898300
2.93741859028,0.35001977938,Kajiado Central,KE034184,,,,Kajiado,KE034,Kenya,KE,2017/11/03,2018/06/07,,4994.000000000000000,2514.263912618160200,0.503456930840641,5040.000000000000000,2165651.000000000000000,429.692658730158710
3.84441704839,0.26571276939,Kajiado East,KE034186,,,,Kajiado,KE034,Kenya,KE,2017/11/03,2018/06/07,,3818.000000000000000,1306.784400798380400,0.342269355892714,3824.000000000000000,842394.000000000000000,220.291317991631790
0.67414947558,0.00913410523,Kajiado North,KE034183,,,,Kajiado,KE034,Kenya,KE,2017/11/03,2018/06/07,,126.000000000000000,15.556350827217102,0.123463101803310,132.000000000000000,4474.000000000000000,33.893939393939391
3.38808789235,0.51550196801,Kajiado South,KE034187,,,,Kajiado,KE034,Kenya,KE,2017/11/03,2018/06/07,,7351.000000000000000,3776.527051329612700,0.513743307213932,7419.000000000000000,2907335.000000000000000,391.876937592667500
4.19456744942,0.63881437473,Kajiado West,KE034185,,,,Kajiado,KE034,Kenya,KE,2017/11/03,2018/06/07,,9204.000000000000000,4994.111030742526100,0.542602241497450,9195.000000000000000,3481225.000000000000000,378.599782490483960
1.36323592547,0.05440753085,Kaloleni,KE003013,,,,Kilifi,KE003,Kenya,KE,2017/11/03,2018/06/07,,783.000000000000000,424.424443721771240,0.542049097984382,788.000000000000000,160426.000000000000000,203.586294416243650
0.13990031386,0.00071813546,Kamukunji,KE047288,,,,Nairobi,KE047,Kenya,KE,2017/11/03,2018/06/07,,9.000000000000000,0.273138338699937,0.030348704299993,10.000000000000000,88.000000000000000,8.800000000000001
0.94110119644,0.01705803435,Kandara,KE021109,,,,Murang'a,KE021,Kenya,KE,2017/11/03,2018/06/07,,241.000000000000000,70.198049932718277,0.291278215488458,247.000000000000000,40189.000000000000000,162.708502024291500
1.12677124934,0.02593160674,Kanduyi,KE039220,,,,Bungoma,KE039,Kenya,KE,2017/11/03,2018/06/07,,373.000000000000000,165.226680606603620,0.442966972135667,377.000000000000000,40529.000000000000000,107.503978779840850
1.26671938239,0.02854252726,Kangema,KE021104,,,,Murang'a,KE021,Kenya,KE,2017/11/03,2018/06/07,,404.000000000000000,150.386594846844670,0.372244046650606,416.000000000000000,223717.000000000000000,537.781250000000000
0.61115990826,0.01389631944,Kangundo,KE016077,,,,Machakos,KE016,Kenya,KE,2017/11/03,2018/06/07,,204.000000000000000,59.553397089242935,0.291928417104132,200.000000000000000,27670.000000000000000,138.349999999999990
3.09998270578,0.14434316926,Kapenguria,KE024129,,,,West Pokot,KE024,Kenya,KE,2017/11/03,2018/06/07,,2082.000000000000000,1517.223465472459800,0.728733652964678,2077.000000000000000,505627.000000000000000,243.441020702936920
0.97185232116,0.02901692905,Kapseret,KE027145,,,,Uasin Gishu,KE027,Kenya,KE,2017/11/03,2018/06/07,,415.000000000000000,153.850340992212300,0.370723713234247,416.000000000000000,32888.000000000000000,79.057692307692307
1.13844262229,0.06075375933,Karachuonyo,KE043247,,,,Homa Bay,KE043,Kenya,KE,2017/11/03,2018/06/07,,882.000000000000000,401.877873599529270,0.455643847618514,882.000000000000000,114111.000000000000000,129.377551020408160
0.71271488354,0.01107360114,Kasarani,KE047280,,,,Nairobi,KE047,Kenya,KE,2017/11/03,2018/06/07,,162.000000000000000,27.761837152764201,0.171369365140520,162.000000000000000,12846.000000000000000,79.296296296296291
0.63120687006,0.02097070056,Kasipul,KE043245,,,,Homa Bay,KE043,Kenya,KE,2017/11/03,2018/06/07,,298.000000000000000,123.777261435985570,0.415359937704650,302.000000000000000,51548.000000000000000,170.688741721854310
0.89755125656,0.01674150417,Kathiani,KE016079,,,,Machakos,KE016,Kenya,KE,2017/11/03,2018/06/07,,239.000000000000000,70.199330627918243,0.293721048652378,245.000000000000000,40014.000000000000000,163.322448979591830
1.13391886427,0.04402402614,Keiyo North,KE028149,,,,Elgeyo-Marakwet,KE028,Kenya,KE,2017/11/03,2018/06/07,,641.000000000000000,289.199071288108830,0.451168597953368,640.000000000000000,99163.000000000000000,154.942187499999990
1.41505813307,0.07200622567,Keiyo South,KE028150,,,,Elgeyo-Marakwet,KE028,Kenya,KE,2017/11/03,2018/06/07,,1033.000000000000000,479.568020582199100,0.464247841802710,1042.000000000000000,249106.000000000000000,239.065259117082550
1.95552311426,0.05449392132,Kesses,KE027146,,,,Uasin Gishu,KE027,Kenya,KE,2017/11/03,2018/06/07,,782.000000000000000,318.978232473134990,0.407900553034699,780.000000000000000,106192.000000000000000,136.143589743589760
0.76046108270,0.01173255268,Khwisero,KE037208,,,,Kakamega,KE037,Kenya,KE,2017/11/03,2018/06/07,,169.000000000000000,83.206288307905197,0.492344901230208,174.000000000000000,18001.000000000000000,103.454022988505740
0.53099790130,0.00720464174,Kiambaa,KE022118,,,,Kiambu,KE022,Kenya,KE,2017/11/03,2018/06/07,,104.000000000000000,12.235627479851246,0.117650264229339,104.000000000000000,2549.000000000000000,24.509615384615383
0.54858801920,0.00796244669,Kiambu,KE022117,,,,Kiambu,KE022,Kenya,KE,2017/11/03,2018/06/07,,120.000000000000000,15.974509596824646,0.133120913306872,115.000000000000000,3425.000000000000000,29.782608695652176
0.20438710070,0.00100197843,Kibra,KE047278,,,,Nairobi,KE047,Kenya,KE,2017/11/03,2018/06/07,,14.000000000000000,0.433810418471694,0.030986458462264,13.000000000000000,91.000000000000000,7.000000000000000
2.92973642147,0.18050346152,Kibwezi East,KE017088,,,,Makueni,KE017,Kenya,KE,2017/11/03,2018/06/07,,2601.000000000000000,1470.331168413162200,0.565294566863961,2596.000000000000000,1041346.000000000000000,401.134822804314350
2.41417934846,0.14371072386,Kibwezi West,KE017087,,,,Makueni,KE017,Kenya,KE,2017/11/03,2018/06/07,,2077.000000000000000,1126.953770518302900,0.542587275165288,2085.000000000000000,725369.000000000000000,347.898800959232630
2.65482553521,0.14738026805,Kieni,KE019095,,,,Nyeri,KE019,Kenya,KE,2017/11/03,2018/06/07,,2117.000000000000000,781.630101546645160,0.369215919483536,2119.000000000000000,738997.000000000000000,348.747994336951360
1.35837915429,0.02569419034,Kigumo,KE021107,,,,Murang'a,KE021,Kenya,KE,2017/11/03,2018/06/07,,365.000000000000000,118.620914340019230,0.324988806411012,368.000000000000000,137551.000000000000000,373.779891304347810
1.22116736999,0.02483629310,Kiharu,KE021106,,,,Murang'a,KE021,Kenya,KE,2017/11/03,2018/06/07,,361.000000000000000,116.461351931095120,0.322607623077826,361.000000000000000,63308.000000000000000,175.368421052631590
0.76676815118,0.01416414907,Kikuyu,KE022120,,,,Kiambu,KE022,Kenya,KE,2017/11/03,2018/06/07,,205.000000000000000,30.685838200151920,0.149687015610497,206.000000000000000,16164.000000000000000,78.466019417475735
3.03764567641,0.20630300737,Kilgoris,KE032177,,,,Nakuru,KE032,Kenya,KE,2017/11/03,2018/06/07,,2947.000000000000000,1960.551058351993600,0.665270124992193,2984.000000000000000,1530518.000000000000000,512.908176943699690
2.57274114948,0.06384096783,Kilifi North,KE003011,,,,Kilifi,KE003,Kenya,KE,2017/11/03,2018/06/07,,898.000000000000000,442.425912082195280,0.492679189401108,908.000000000000000,172760.000000000000000,190.264317180616730
1.10339866172,0.03454321121,Kilifi South,KE003012,,,,Kilifi,KE003,Kenya,KE,2017/11/03,2018/06/07,,502.000000000000000,209.581930071115490,0.417493884603816,513.000000000000000,73964.000000000000000,144.179337231968820
0.22807873596,0.00238546351,Kilimani,KE047275,,,,Nairobi,KE047,Kenya,KE,2017/11/03,2018/06/07,,33.000000000000000,1.201793800108135,0.036417993942671,33.000000000000000,217.000000000000000,6.575757575757576
1.58043055338,0.06691701732,Kilome,KE017084,,,,Makueni,KE017,Kenya,KE,2017/11/03,2018/06/07,,966.000000000000000,300.174653142690660,0.310739806565932,967.000000000000000,164621.000000000000000,170.238883143743550
0.65657586239,0.01441431995,Kimilili,KE039223,,,,Bungoma,KE039,Kenya,KE,2017/11/03,2018/06/07,,205.000000000000000,90.152753025293350,0.439769526952650,206.000000000000000,24288.000000000000000,117.902912621359220
1.12883907039,0.02995157753,Kiminini,KE026139,,,,Trans Nzoia,KE026,Kenya,KE,2017/11/03,2018/06/07,,431.000000000000000,179.040912806987760,0.415408150364241,436.000000000000000,23625.000000000000000,54.185779816513758
3.93469354102,0.39361774142,Kinango,KE002010,,,,Kwale,KE002,Kenya,KE,2017/11/03,2018/06/07,,5679.000000000000000,3765.445201218128200,0.663047226838903,5678.000000000000000,2685604.000000000000000,472.984149348362110
1.33917472915,0.04378269197,Kinangop,KE018089,,,,Nyandarua,KE018,Kenya,KE,2017/11/03,2018/06/07,,634.000000000000000,143.544712364673610,0.226411218240810,628.000000000000000,146555.000000000000000,233.367834394904460
1.55103332683,0.07646422058,Kipipiri,KE018090,,,,Nyandarua,KE018,Kenya,KE,2017/11/03,2018/06/07,,1103.000000000000000,314.677669808268550,0.285292538357451,1101.000000000000000,295234.000000000000000,268.150772025431420
2.02724278343,0.06112958002,Kipkelion East,KE035188,,,,Kericho,KE035,Kenya,KE,2017/11/03,2018/06/07,,886.000000000000000,407.885127454996110,0.460366961010154,880.000000000000000,187590.000000000000000,213.170454545454530
0.89834222116,0.02862151739,Kipkelion West,KE035189,,,,Kericho,KE035,Kenya,KE,2017/11/03,2018/06/07,,411.000000000000000,218.788919895887370,0.532333138432816,412.000000000000000,104464.000000000000000,253.553398058252440
1.01795086255,0.01927660072,Kirinyaga Central,KE020103,,,,Kirinyaga,KE020,Kenya,KE,2017/11/03,2018/06/07,,283.000000000000000,118.929529681801800,0.420245687921561,277.000000000000000,136802.000000000000000,493.870036101083030
0.76496017079,0.00729024990,Kisauni,KE001003,,,,Mombasa,KE001,Kenya,KE,2017/11/03,2018/06/07,,101.000000000000000,31.787334308028221,0.314726082257705,102.000000000000000,10996.000000000000000,107.803921568627440
0.46246769674,0.00554979099,Kisumu Central,KE042240,,,,Kisumu,KE042,Kenya,KE,2017/11/03,2018/06/07,,79.000000000000000,31.111025437712669,0.393810448578641,77.000000000000000,796.000000000000000,10.337662337662337
0.93920240545,0.01344154292,Kisumu East,KE042238,,,,Kisumu,KE042,Kenya,KE,2017/11/03,2018/06/07,,182.000000000000000,76.517207399010658,0.420424216478081,199.000000000000000,6049.000000000000000,30.396984924623116
0.77522335221,0.02537611734,Kisumu West,KE042239,,,,Kisumu,KE042,Kenya,KE,2017/11/03,2018/06/07,,360.000000000000000,168.359710440039630,0.467665862333443,366.000000000000000,16656.000000000000000,45.508196721311478
1.81661722040,0.05920542541,Kitui Central,KE015072,,,,Kitui,KE015,Kenya,KE,2017/11/03,2018/06/07,,851.000000000000000,386.966163575649260,0.454719346152349,858.000000000000000,189110.000000000000000,220.407925407925400
3.26714766946,0.38409057026,Kitui East,KE015073,,,,Kitui,KE015,Kenya,KE,2017/11/03,2018/06/07,,5525.000000000000000,3777.090774804353700,0.683636339331105,5546.000000000000000,2442966.000000000000000,440.491525423728830
3.46337405712,0.12428200122,Kitui Rural,KE015071,,,,Kitui,KE015,Kenya,KE,2017/11/03,2018/06/07,,1781.000000000000000,791.464269667863850,0.444393189033051,1793.000000000000000,380817.000000000000000,212.390964863357510
6.18750198602,1.03408081816,Kitui South,KE015074,,,,Kitui,KE015,Kenya,KE,2017/11/03,2018/06/07,,14907.000000000000000,9769.688930451870000,0.655375926105311,14871.000000000000000,6582449.000000000000000,442.636608163539790
1.07634544948,0.05122120054,Kitui West,KE015070,,,,Kitui,KE015,Kenya,KE,2017/11/03,2018/06/07,,742.000000000000000,347.386396408081050,0.468175736399031,733.000000000000000,182298.000000000000000,248.701227830832210
0.48487949212,0.01059685852,Kitutu Chache North,KE045268,,,,Kisii,KE045,Kenya,KE,2017/11/03,2018/06/07,,149.000000000000000,54.735881239175797,0.367354907645475,152.000000000000000,28911.000000000000000,190.203947368421040
0.45029902083,0.00792736865,Kitutu Chache South,KE045269,,,,Kisii,KE045,Kenya,KE,2017/11/03,2018/06/07,,122.000000000000000,45.885546579957008,0.376111037540631,115.000000000000000,19728.000000000000000,171.547826086956520
0.70817000418,0.02061229899,Kitutu Masaba,KE046270,,,,Nyamira,KE046,Kenya,KE,2017/11/03,2018/06/07,,296.000000000000000,108.962725222110750,0.368117314939563,298.000000000000000,73534.000000000000000,246.758389261744980
1.44148028179,0.06916943139,Konoin,KE036198,,,,Bomet,KE036,Kenya,KE,2017/11/03,2018/06/07,,998.000000000000000,522.672327369451520,0.523719766903258,992.000000000000000,552763.000000000000000,557.220766129032310
1.70389543418,0.04967662276,Kuresoi North,KE032171,,,,Nakuru,KE032,Kenya,KE,2017/11/03,2018/06/07,,723.000000000000000,272.232367575168610,0.376531628734673,714.000000000000000,138161.000000000000000,193.502801120448170
1.02473777672,0.04264772205,Kuresoi South,KE032170,,,,Nakuru,KE032,Kenya,KE,2017/11/03,2018/06/07,,610.000000000000000,249.994679152965550,0.409827342873714,617.000000000000000,214236.000000000000000,347.222042139384140
0.95536788453,0.01935930414,Kuria East,KE044260,,,,Migori,KE044,Kenya,KE,2017/11/03,2018/06/07,,281.000000000000000,185.465964019298550,0.660021224267966,278.000000000000000,98327.000000000000000,353.694244604316570
0.82973944003,0.02777469486,Kuria West,KE044259,,,,Migori,KE044,Kenya,KE,2017/11/03,2018/06/07,,384.000000000000000,243.003526628017430,0.632821683927129,400.000000000000000,123506.000000000000000,308.764999999999990
0.90398746201,0.03776864549,Kwanza,KE026136,,,,Trans Nzoia,KE026,Kenya,KE,2017/11/03,2018/06/07,,545.000000000000000,276.153071999549870,0.506702884402844,547.000000000000000,35221.000000000000000,64.389396709323577
2.77068386368,0.28838136518,Lafey,KE009044,,,,Mandera,KE009,Kenya,KE,2017/11/03,2018/06/07,,4124.000000000000000,3682.957179546356200,0.893054602217836,4144.000000000000000,3077789.000000000000000,742.709700772200790
4.06946567854,0.52433513977,Lagdera,KE007029,,,,Garissa,KE007,Kenya,KE,2017/11/03,2018/06/07,,7546.000000000000000,6389.043193936348000,0.846679458512636,7537.000000000000000,4341923.000000000000000,576.081066737428730
3.20186455402,0.26178485040,Laikipia East,KE031164,,,,Laikipia,KE031,Kenya,KE,2017/11/03,2018/06/07,,3782.000000000000000,1713.813040301203700,0.453149931332947,3768.000000000000000,822362.000000000000000,218.248938428874740
4.36271643634,0.39940973950,Laikipia North,KE031165,,,,Laikipia,KE031,Kenya,KE,2017/11/03,2018/06/07,,5752.000000000000000,3209.113794147968300,0.557912690220440,5764.000000000000000,1398776.000000000000000,242.674531575294940
2.35016920237,0.11361232504,Laikipia West,KE031163,,,,Laikipia,KE031,Kenya,KE,2017/11/03,2018/06/07,,1634.000000000000000,590.410954147577290,0.361328613309411,1637.000000000000000,246205.000000000000000,150.400122174709820
8.65553724757,1.95790999167,Laisamis,KE010048,,,,Marsabit,KE010,Kenya,KE,2017/11/03,2018/06/07,,28201.000000000000000,23784.671182394028000,0.843398148377505,28185.000000000000000,19591583.000000000000000,695.106723434450940
3.91692870457,0.17503863020,Lamu East,KE005021,,,,Lamu,KE005,Kenya,KE,2017/11/03,2018/06/07,,2409.000000000000000,1411.401873469352700,0.585887037554733,2491.000000000000000,1524510.000000000000000,612.007226013649190
4.43720121974,0.31653471436,Lamu West,KE005022,,,,Lamu,KE005,Kenya,KE,2017/11/03,2018/06/07,,4493.000000000000000,2782.544408112764400,0.619306567574619,4552.000000000000000,3283125.000000000000000,721.248901581722290
0.87939198409,0.01704971567,Langata,KE047277,,,,Nairobi,KE047,Kenya,KE,2017/11/03,2018/06/07,,250.000000000000000,26.531072016805410,0.106124288067222,242.000000000000000,6299.000000000000000,26.028925619834709
1.41265132152,0.03785820758,Lari,KE022122,,,,Kiambu,KE022,Kenya,KE,2017/11/03,2018/06/07,,549.000000000000000,130.076440453529360,0.236933407019179,550.000000000000000,146748.000000000000000,266.814545454545450
0.47127971850,0.00424126971,Likoni,KE001005,,,,Mombasa,KE001,Kenya,KE,2017/11/03,2018/06/07,,52.000000000000000,13.404400639235973,0.257776935369923,61.000000000000000,3378.000000000000000,55.377049180327866
0.87404520665,0.02447579834,Likuyani,KE037200,,,,Kakamega,KE037,Kenya,KE,2017/11/03,2018/06/07,,354.000000000000000,136.424528896808620,0.385380025132228,349.000000000000000,23965.000000000000000,68.667621776504305
0.94744375138,0.02315537542,Limuru,KE022121,,,,Kiambu,KE022,Kenya,KE,2017/11/03,2018/06/07,,333.000000000000000,53.159794956445694,0.159639023893230,332.000000000000000,26224.000000000000000,78.987951807228910
5.08945430554,0.79286376775,Loima,KE023126,,,,Turkana,KE023,Kenya,KE,2017/11/03,2018/06/07,,11406.000000000000000,10702.393499970436000,0.938312598629707,11413.000000000000000,9096833.000000000000000,797.058880224305650
0.54203959073,0.00679315874,Luanda,KE038214,,,,Vihiga,KE038,Kenya,KE,2017/11/03,2018/06/07,,95.000000000000000,44.034248828887939,0.463518408725136,98.000000000000000,7318.000000000000000,74.673469387755105
1.33295869194,0.02987988373,Lugari,KE037199,,,,Kakamega,KE037,Kenya,KE,2017/11/03,2018/06/07,,422.000000000000000,170.988325119018550,0.405185604547437,435.000000000000000,40104.000000000000000,92.193103448275863
3.59034529124,0.16448664263,Lunga Lunga,KE002008,,,,Kwale,KE002,Kenya,KE,2017/11/03,2018/06/07,,2300.000000000000000,1646.198359161615400,0.715738417026789,2347.000000000000000,1396542.000000000000000,595.032807839795510
0.78743257043,0.01313617021,Lurambi,KE037202,,,,Kakamega,KE037,Kenya,KE,2017/11/03,2018/06/07,,188.000000000000000,81.641045853495598,0.434260882199445,188.000000000000000,5848.000000000000000,31.106382978723403
1.36318960018,0.04101703514,Maara,KE013061,,,,Tharaka-Nithi,KE013,Kenya,KE,2017/11/03,2018/06/07,,590.000000000000000,263.005276396870610,0.445771654909950,585.000000000000000,216374.000000000000000,369.870085470085480
1.85131698967,0.06152705193,Machakos Town,KE016081,,,,Machakos,KE016,Kenya,KE,2017/11/03,2018/06/07,,898.000000000000000,217.206381499767300,0.241877930400632,883.000000000000000,89970.000000000000000,101.891279728199320
3.89767587539,0.56753066581,Magarini,KE003017,,,,Kilifi,KE003,Kenya,KE,2017/11/03,2018/06/07,,8094.000000000000000,5766.135694026947000,0.712396305167649,8166.000000000000000,4135693.000000000000000,506.452730835170200
0.17344335463,0.00097490848,Makadara,KE047287,,,,Nairobi,KE047,Kenya,KE,2017/11/03,2018/06/07,,16.000000000000000,0.322457225993276,0.020153576624580,16.000000000000000,174.000000000000000,10.875000000000000
2.16179484929,0.16092891997,Makueni,KE017086,,,,Makueni,KE017,Kenya,KE,2017/11/03,2018/06/07,,2326.000000000000000,1042.811128973960900,0.448328086403251,2313.000000000000000,691544.000000000000000,298.981409424989180
1.02703688256,0.03436258055,Malava,KE037201,,,,Kakamega,KE037,Kenya,KE,2017/11/03,2018/06/07,,496.000000000000000,220.882323056459430,0.445327264226733,491.000000000000000,61334.000000000000000,124.916496945010180
1.64216967712,0.04692814698,Malindi,KE003016,,,,Kilifi,KE003,Kenya,KE,2017/11/03,2018/06/07,,682.000000000000000,400.442846566438670,0.587159599071024,677.000000000000000,172936.000000000000000,255.444608567208260
2.29998221120,0.20770537986,Mandera East,KE009043,,,,Mandera,KE009,Kenya,KE,2017/11/03,2018/06/07,,2933.000000000000000,2578.832739889621700,0.879247439444126,2991.000000000000000,2262886.000000000000000,756.565028418589120
3.80650479661,0.49897814552,Mandera North,KE009041,,,,Mandera,KE009,Kenya,KE,2017/11/03,2018/06/07,,7177.000000000000000,6406.751612305641200,0.892678223812964,7187.000000000000000,5863679.000000000000000,815.872965075831420
3.50570943842,0.45070554703,Mandera South,KE009042,,,,Mandera,KE009,Kenya,KE,2017/11/03,2018/06/07,,6470.000000000000000,5588.084404647350300,0.863691561769297,6478.000000000000000,4294156.000000000000000,662.882988576721230
3.24260233682,0.42112889582,Mandera West,KE009039,,,,Mandera,KE009,Kenya,KE,2017/11/03,2018/06/07,,6079.000000000000000,5535.263731420040100,0.910554981316013,6083.000000000000000,5047966.000000000000000,829.848101265822830
1.29324218242,0.02909550225,Manyatta,KE014063,,,,Embu,KE014,Kenya,KE,2017/11/03,2018/06/07,,419.000000000000000,162.727789968252180,0.388371813766712,419.000000000000000,150973.000000000000000,360.317422434367530
1.35856601576,0.03753624413,Maragwa,KE021108,,,,Murang'a,KE021,Kenya,KE,2017/11/03,2018/06/07,,542.000000000000000,177.015878170728680,0.326597561200606,531.000000000000000,69265.000000000000000,130.442561205273080
1.29471456889,0.06586166841,Marakwet East,KE028147,,,,Elgeyo-Marakwet,KE028,Kenya,KE,2017/11/03,2018/06/07,,945.000000000000000,637.228915035724640,0.674316312207116,950.000000000000000,398557.000000000000000,419.533684210526300
1.90715505159,0.06253987027,Marakwet West,KE028148,,,,Elgeyo-Marakwet,KE028,Kenya,KE,2017/11/03,2018/06/07,,899.000000000000000,475.756235599517820,0.529206046273101,907.000000000000000,240241.000000000000000,264.874310915104730
2.46495212070,0.11427469357,Masinga,KE016075,,,,Machakos,KE016,Kenya,KE,2017/11/03,2018/06/07,,1642.000000000000000,781.918874800205230,0.476199071132890,1645.000000000000000,434570.000000000000000,264.176291793313060
0.69753443844,0.01575479511,Matayos,KE040228,,,,Busia,KE040,Kenya,KE,2017/11/03,2018/06/07,,223.000000000000000,123.429084539413450,0.553493652643110,227.000000000000000,41441.000000000000000,182.559471365638760
0.10871641637,0.00023588431,Mathare,KE047290,,,,Nairobi,KE047,Kenya,KE,2017/11/03,2018/06/07,,2.000000000000000,0.127222612500191,0.063611306250095,3.000000000000000,27.000000000000000,9.000000000000000
1.18096122013,0.02272586542,Mathioya,KE021105,,,,Murang'a,KE021,Kenya,KE,2017/11/03,2018/06/07,,327.000000000000000,126.871920898556710,0.387987525683660,322.000000000000000,162172.000000000000000,503.639751552795020
1.24595922368,0.03720580869,Mathira,KE019096,,,,Nyeri,KE019,Kenya,KE,2017/11/03,2018/06/07,,547.000000000000000,232.709519073367120,0.425428736880013,539.000000000000000,255705.000000000000000,474.406307977736560
1.71027827950,0.08584544521,Matuga,KE002009,,,,Kwale,KE002,Kenya,KE,2017/11/03,2018/06/07,,1227.000000000000000,626.939507693052290,0.510953144004118,1231.000000000000000,286855.000000000000000,233.025995125913880
0.93234761173,0.02257013543,Matungu,KE037206,,,,Kakamega,KE037,Kenya,KE,2017/11/03,2018/06/07,,324.000000000000000,166.177449703216550,0.512893363281533,320.000000000000000,35078.000000000000000,109.618750000000010
1.12231372516,0.04724498794,Matungulu,KE016078,,,,Machakos,KE016,Kenya,KE,2017/11/03,2018/06/07,,677.000000000000000,200.402614325284960,0.296015678471617,684.000000000000000,90963.000000000000000,132.986842105263150
1.59857749760,0.06847195116,Mavoko,KE016080,,,,Machakos,KE016,Kenya,KE,2017/11/03,2018/06/07,,989.000000000000000,183.924249142408370,0.185969918243082,983.000000000000000,108640.000000000000000,110.518819938962370
2.00041058270,0.07968273901,Mbooni,KE017083,,,,Makueni,KE017,Kenya,KE,2017/11/03,2018/06/07,,1137.000000000000000,439.723553419113160,0.386740152523406,1145.000000000000000,276095.000000000000000,241.131004366812220
2.17716450467,0.11274518487,Mogotio,KE030161,,,,Baringo,KE030,Kenya,KE,2017/11/03,2018/06/07,,1627.000000000000000,856.329882353544240,0.526324451354360,1623.000000000000000,262614.000000000000000,161.807763401109070
1.62759320856,0.06303562533,Moiben,KE027143,,,,Uasin Gishu,KE027,Kenya,KE,2017/11/03,2018/06/07,,902.000000000000000,348.721034929156300,0.386608686174231,900.000000000000000,86232.000000000000000,95.813333333333333
1.28937192014,0.04152594907,Molo,KE032166,,,,Nakuru,KE032,Kenya,KE,2017/11/03,2018/06/07,,602.000000000000000,200.245223358273510,0.332633261392481,598.000000000000000,127060.000000000000000,212.474916387959870
1.24565883033,0.04747033615,Mosop,KE029156,,,,Nandi,KE029,Kenya,KE,2017/11/03,2018/06/07,,682.000000000000000,279.926510453224180,0.410449428817044,681.000000000000000,88036.000000000000000,129.274596182085160
4.79236639108,0.76021733381,Moyale,KE010045,,,,Marsabit,KE010,Kenya,KE,2017/11/03,2018/06/07,,10929.000000000000000,9966.286113917827600,0.911911987731524,10931.000000000000000,9348628.000000000000000,855.239959747507100
1.12629178684,0.02930560934,Msambweni,KE002007,,,,Kwale,KE002,Kenya,KE,2017/11/03,2018/06/07,,419.000000000000000,178.056595399975780,0.424956074940276,417.000000000000000,61649.000000000000000,147.839328537170270
1.44428436075,0.07758687562,Mt. Elgon,KE039216,,,,Bungoma,KE039,Kenya,KE,2017/11/03,2018/06/07,,1113.000000000000000,781.117873549461360,0.701813004087566,1114.000000000000000,789486.000000000000000,708.694793536804350
1.90298718005,0.05395925049,Muhoroni,KE042243,,,,Kisumu,KE042,Kenya,KE,2017/11/03,2018/06/07,,776.000000000000000,365.624383501708510,0.471165442656841,780.000000000000000,76152.000000000000000,97.630769230769232
0.67099091709,0.01449075575,Mukurweni,KE019098,,,,Nyeri,KE019,Kenya,KE,2017/11/03,2018/06/07,,207.000000000000000,66.834225699305534,0.322870655552201,207.000000000000000,40615.000000000000000,196.207729468599040
0.65621613613,0.01421494042,Mumias East,KE037205,,,,Kakamega,KE037,Kenya,KE,2017/11/03,2018/06/07,,206.000000000000000,100.387816667556760,0.487319498386198,209.000000000000000,16721.000000000000000,80.004784688995215
0.66661274965,0.01123862973,Mumias West,KE037204,,,,Kakamega,KE037,Kenya,KE,2017/11/03,2018/06/07,,156.000000000000000,77.872763663530350,0.499184382458528,151.000000000000000,12557.000000000000000,83.158940397350989
0.17280321653,0.00119869676,Mvita,KE001006,,,,Mombasa,KE001,Kenya,KE,2017/11/03,2018/06/07,,13.000000000000000,0.517123785801232,0.039778752753941,16.000000000000000,46.000000000000000,2.875000000000000
1.89279324291,0.08279629435,Mwala,KE016082,,,,Machakos,KE016,Kenya,KE,2017/11/03,2018/06/07,,1201.000000000000000,419.889212727546690,0.349616330331013,1194.000000000000000,198827.000000000000000,166.521775544388620
3.72847571678,0.30054069690,Mwatate,KE006025,,,,Taita Taveta,KE006,Kenya,KE,2017/11/03,2018/06/07,,4318.000000000000000,2300.290722995996500,0.532721334644742,4331.000000000000000,2114621.000000000000000,488.252366658970230
0.86080125283,0.03513938363,Mwea,KE020100,,,,Kirinyaga,KE020,Kenya,KE,2017/11/03,2018/06/07,,503.000000000000000,208.948060058057310,0.415403697928543,500.000000000000000,119605.000000000000000,239.210000000000010
3.12739321169,0.34490045071,Mwingi East,KE015069,,,,Kitui,KE015,Kenya,KE,2017/11/03,2018/06/07,,4962.000000000000000,3361.293957918882400,0.677407085433068,4956.000000000000000,1651386.000000000000000,333.209443099273590
3.13122896429,0.38162812419,Mwingi North,KE015067,,,,Kitui,KE015,Kenya,KE,2017/11/03,2018/06/07,,5492.000000000000000,3649.551517248153700,0.664521397896605,5493.000000000000000,1671890.000000000000000,304.367376661205180
1.83994217963,0.09592895675,Mwingi West,KE015068,,,,Kitui,KE015,Kenya,KE,2017/11/03,2018/06/07,,1378.000000000000000,789.240379720926280,0.572743381510106,1385.000000000000000,480598.000000000000000,347.002166064981960
2.21079619864,0.13989443441,Naivasha,KE032168,,,,Nakuru,KE032,Kenya,KE,2017/11/03,2018/06/07,,2003.000000000000000,617.149640599265690,0.308112651322649,2007.000000000000000,474367.000000000000000,236.356253114100640
0.72310540331,0.01278799711,Nakuru Town East,KE032176,,,,Nakuru,KE032,Kenya,KE,2017/11/03,2018/06/07,,183.000000000000000,52.264594726264477,0.285598878285598,189.000000000000000,9709.000000000000000,51.370370370370374
0.68647995926,0.01136512975,Nakuru Town West,KE032175,,,,Nakuru,KE032,Kenya,KE,2017/11/03,2018/06/07,,161.000000000000000,49.196472428739071,0.305568151731299,165.000000000000000,11168.000000000000000,67.684848484848487
0.83298537118,0.01887584209,Nambale,KE040227,,,,Busia,KE040,Kenya,KE,2017/11/03,2018/06/07,,275.000000000000000,142.461009860038760,0.518040035854686,277.000000000000000,33687.000000000000000,121.613718411552340
1.07865933356,0.03193424946,Nandi Hills,KE029153,,,,Nandi,KE029,Kenya,KE,2017/11/03,2018/06/07,,450.000000000000000,213.490153014659880,0.474422562254800,461.000000000000000,103423.000000000000000,224.344902386117130
1.91045811340,0.16631442504,Narok East,KE033180,,,,Narok,KE033,Kenya,KE,2017/11/03,2018/06/07,,2390.000000000000000,1193.278387665748600,0.499279660111192,2397.000000000000000,958141.000000000000000,399.725073007926600
3.34000309169,0.22127691338,Narok North,KE033179,,,,Narok,KE033,Kenya,KE,2017/11/03,2018/06/07,,3183.000000000000000,1730.963534384965900,0.543815122332694,3184.000000000000000,1899888.000000000000000,596.698492462311610
4.92313993087,0.39263832997,Narok South,KE033181,,,,Narok,KE033,Kenya,KE,2017/11/03,2018/06/07,,5657.000000000000000,3985.223289757967000,0.704476452140351,5658.000000000000000,3010668.000000000000000,532.108165429480440
3.79205919342,0.44261869302,Narok West,KE032182,,,,Nakuru,KE032,Kenya,KE,2017/11/03,2018/06/07,,6361.000000000000000,4585.468095451593400,0.720872204913000,6371.000000000000000,2948668.000000000000000,462.826557840213470
0.87077878797,0.02091337472,Navakholo,KE037203,,,,Kakamega,KE037,Kenya,KE,2017/11/03,2018/06/07,,309.000000000000000,140.740927428007130,0.455472257048567,303.000000000000000,20592.000000000000000,67.960396039603964
1.72840825671,0.07101172476,Ndaragwa,KE018093,,,,Nyandarua,KE018,Kenya,KE,2017/11/03,2018/06/07,,1032.000000000000000,373.227756425738330,0.361654802738119,1041.000000000000000,375437.000000000000000,360.650336215177730
1.18861161913,0.05649967839,Ndhiwa,KE043250,,,,Homa Bay,KE043,Kenya,KE,2017/11/03,2018/06/07,,813.000000000000000,431.433926612138750,0.530669036423295,812.000000000000000,201461.000000000000000,248.104679802955670
1.73942067749,0.02749255976,Ndia,KE020102,,,,Kirinyaga,KE020,Kenya,KE,2017/11/03,2018/06/07,,388.000000000000000,129.672620117664340,0.334207783808413,397.000000000000000,70177.000000000000000,176.768261964735530
1.65376336337,0.04859584696,Nithi,KE013060,,,,Tharaka-Nithi,KE013,Kenya,KE,2017/11/03,2018/06/07,,701.000000000000000,293.588072493672370,0.418813227523070,708.000000000000000,169273.000000000000000,239.086158192090410
1.52383543186,0.06357335562,Njoro,KE032167,,,,Nakuru,KE032,Kenya,KE,2017/11/03,2018/06/07,,915.000000000000000,299.078553870320320,0.326861807508547,909.000000000000000,217324.000000000000000,239.080308030803080
8.79183407483,3.30066480976,North Horr,KE010046,,,,Marsabit,KE010,Kenya,KE,2017/11/03,2018/06/07,,47510.000000000000000,43300.517974913120000,0.911397978844730,47531.000000000000000,42203121.000000000000000,887.907281563611150
1.19832422887,0.02453337488,North Imenti,KE012056,,,,Meru,KE012,Kenya,KE,2017/11/03,2018/06/07,,356.000000000000000,167.553384244441990,0.470655573720343,353.000000000000000,27247.000000000000000,77.186968838526909
0.54464804974,0.01383977920,North Mugirango,KE046272,,,,Nyamira,KE046,Kenya,KE,2017/11/03,2018/06/07,,203.000000000000000,79.282127976417542,0.390552354563633,199.000000000000000,47186.000000000000000,237.115577889447220
1.06647843261,0.03270285537,Nyakach,KE042244,,,,Kisumu,KE042,Kenya,KE,2017/11/03,2018/06/07,,473.000000000000000,228.870111018419270,0.483869156487144,473.000000000000000,82717.000000000000000,174.877378435517980
0.18051962807,0.00185679958,Nyali,KE001004,,,,Mombasa,KE001,Kenya,KE,2017/11/03,2018/06/07,,26.000000000000000,3.457163803279400,0.132967838587669,24.000000000000000,847.000000000000000,35.291666666666664
1.65309036359,0.04899581989,Nyando,KE042242,,,,Kisumu,KE042,Kenya,KE,2017/11/03,2018/06/07,,708.000000000000000,345.394519507884980,0.487845366536561,698.000000000000000,68021.000000000000000,97.451289398280807
0.51036696005,0.01104595711,Nyaribari Chache,KE045267,,,,Kisii,KE045,Kenya,KE,2017/11/03,2018/06/07,,159.000000000000000,56.757214277982712,0.356963611811212,157.000000000000000,34265.000000000000000,218.248407643312110
0.48158523002,0.01293264800,Nyaribari Masaba,KE045266,,,,Kisii,KE045,Kenya,KE,2017/11/03,2018/06/07,,184.000000000000000,84.967343628406525,0.461779041458731,188.000000000000000,76123.000000000000000,404.909574468085110
1.42485919337,0.09864656330,Nyatike,KE044258,,,,Migori,KE044,Kenya,KE,2017/11/03,2018/06/07,,1413.000000000000000,950.838104605674740,0.672921517767640,1416.000000000000000,406126.000000000000000,286.812146892655390
0.73023396602,0.01374588229,Nyeri Town,KE019099,,,,Nyeri,KE019,Kenya,KE,2017/11/03,2018/06/07,,193.000000000000000,48.522556021809578,0.251412207366889,191.000000000000000,4202.000000000000000,22.000000000000000
1.45925676745,0.05080667070,Ol Jorok,KE018092,,,,Nyandarua,KE018,Kenya,KE,2017/11/03,2018/06/07,,726.000000000000000,195.495164915919300,0.269277086661046,716.000000000000000,101767.000000000000000,142.132681564245810
1.05412056958,0.02333264354,Ol Kalou,KE018091,,,,Nyandarua,KE018,Kenya,KE,2017/11/03,2018/06/07,,335.000000000000000,86.601325139403343,0.258511418326577,337.000000000000000,47768.000000000000000,141.744807121661720
1.00419611506,0.02895958603,Othaya,KE019097,,,,Nyeri,KE019,Kenya,KE,2017/11/03,2018/06/07,,420.000000000000000,127.529281198978420,0.303641145711853,424.000000000000000,166770.000000000000000,393.325471698113230
1.79358801719,0.10302045715,Pokot South,KE024132,,,,West Pokot,KE024,Kenya,KE,2017/11/03,2018/06/07,,1477.000000000000000,996.284517616033550,0.674532510234281,1481.000000000000000,472479.000000000000000,319.027008777852810
0.81702033282,0.01904789036,Rabai,KE003014,,,,Kilifi,KE003,Kenya,KE,2017/11/03,2018/06/07,,268.000000000000000,111.045544430613520,0.414349046382886,265.000000000000000,39598.000000000000000,149.426415094339630
1.00148473578,0.02362039492,Rangwe,KE043248,,,,Homa Bay,KE043,Kenya,KE,2017/11/03,2018/06/07,,337.000000000000000,148.996830970048900,0.442127094866614,335.000000000000000,59262.000000000000000,176.901492537313430
0.96774831319,0.05517641658,Rarieda,KE041237,,,,Siaya,KE041,Kenya,KE,2017/11/03,2018/06/07,,796.000000000000000,367.217078179121020,0.461327987662212,795.000000000000000,109063.000000000000000,137.186163522012580
2.25654955897,0.08298376313,Rongai,KE032173,,,,Nakuru,KE032,Kenya,KE,2017/11/03,2018/06/07,,1188.000000000000000,473.239730019937270,0.398349941094223,1191.000000000000000,106048.000000000000000,89.041141897565069
0.86013812097,0.01727169109,Rongo,KE044253,,,,Migori,KE044,Kenya,KE,2017/11/03,2018/06/07,,251.000000000000000,115.149129092693330,0.458761470488818,250.000000000000000,53854.000000000000000,215.416000000000000
0.37802350297,0.00390887982,Roysambu,KE047279,,,,Nairobi,KE047,Kenya,KE,2017/11/03,2018/06/07,,52.000000000000000,5.157040100544691,0.099173848087398,54.000000000000000,1022.000000000000000,18.925925925925927
0.16080478356,0.00058341683,Ruaraka,KE047281,,,,Nairobi,KE047,Kenya,KE,2017/11/03,2018/06/07,,7.000000000000000,0.234811799600720,0.033544542800103,10.000000000000000,131.000000000000000,13.100000000000000
0.78118084034,0.01244212807,Ruiru,KE022115,,,,Kiambu,KE022,Kenya,KE,2017/11/03,2018/06/07,,174.000000000000000,36.445322535932064,0.209455876643288,178.000000000000000,23726.000000000000000,133.292134831460690
1.35807133393,0.03020854586,Runyenjes,KE014064,,,,Embu,KE014,Kenya,KE,2017/11/03,2018/06/07,,441.000000000000000,156.133560195565220,0.354044354184955,436.000000000000000,86546.000000000000000,198.500000000000000
0.51260997717,0.00905752063,Sabatia,KE038212,,,,Vihiga,KE038,Kenya,KE,2017/11/03,2018/06/07,,133.000000000000000,63.440507322549820,0.476996295658269,131.000000000000000,10408.000000000000000,79.450381679389309
1.09928490467,0.02882925770,Saboti,KE026138,,,,Trans Nzoia,KE026,Kenya,KE,2017/11/03,2018/06/07,,416.000000000000000,211.849081248044970,0.509252599153954,414.000000000000000,78921.000000000000000,190.630434782608690
1.64610571526,0.16639773144,Saku,KE010047,,,,Marsabit,KE010,Kenya,KE,2017/11/03,2018/06/07,,2399.000000000000000,1977.771300971508000,0.824414881605464,2397.000000000000000,1462554.000000000000000,610.160200250312870
4.58420265594,0.81736116283,Samburu East,KE025135,,,,Samburu,KE025,Kenya,KE,2017/11/03,2018/06/07,,11782.000000000000000,8939.858979940414400,0.758772617547141,11771.000000000000000,5210158.000000000000000,442.626624755755640
5.70462184807,0.68928775046,Samburu North,KE025134,,,,Samburu,KE025,Kenya,KE,2017/11/03,2018/06/07,,9910.000000000000000,8127.285238444805100,0.820109509429345,9943.000000000000000,7448905.000000000000000,749.160716081665440
2.85759163733,0.20116518568,Samburu West,KE025133,,,,Samburu,KE025,Kenya,KE,2017/11/03,2018/06/07,,2899.000000000000000,2211.067901313304900,0.762700207420940,2877.000000000000000,1605217.000000000000000,557.948209940910710
0.92906428070,0.03648570171,Seme,KE042241,,,,Kisumu,KE042,Kenya,KE,2017/11/03,2018/06/07,,528.000000000000000,249.788910269737240,0.473085057329048,521.000000000000000,58754.000000000000000,112.771593090211130
0.96941502001,0.03317401662,Shinyalu,KE037209,,,,Kakamega,KE037,Kenya,KE,2017/11/03,2018/06/07,,483.000000000000000,236.963361084461210,0.490607372845675,480.000000000000000,85974.000000000000000,179.112500000000010
1.63600183283,0.06259088808,Siakago,KE014066,,,,Embu,KE014,Kenya,KE,2017/11/03,2018/06/07,,890.000000000000000,458.905867725610730,0.515624570478214,894.000000000000000,269519.000000000000000,301.475391498881440
2.30398586190,0.17479265722,Sigor,KE024130,,,,West Pokot,KE024,Kenya,KE,2017/11/03,2018/06/07,,2520.000000000000000,1993.172533571720100,0.790941481576079,2525.000000000000000,826752.000000000000000,327.426534653465350
1.16444850188,0.03772744926,Sigowet/Soin,KE035193,,,,Kericho,KE035,Kenya,KE,2017/11/03,2018/06/07,,543.000000000000000,263.616040080785750,0.485480736797027,543.000000000000000,135171.000000000000000,248.933701657458560
0.80855474099,0.01707361714,Sirisia,KE039217,,,,Bungoma,KE039,Kenya,KE,2017/11/03,2018/06/07,,242.000000000000000,117.680416405200960,0.486282712418186,245.000000000000000,37145.000000000000000,151.612244897959190
1.30632444192,0.03863645949,Sotik,KE036194,,,,Bomet,KE036,Kenya,KE,2017/11/03,2018/06/07,,555.000000000000000,225.879937291145320,0.406990878002064,554.000000000000000,156466.000000000000000,282.429602888086660
1.34090728274,0.05375803543,South Imenti,KE012059,,,,Meru,KE012,Kenya,KE,2017/11/03,2018/06/07,,777.000000000000000,397.389344096183780,0.511440597292386,774.000000000000000,406278.000000000000000,524.906976744186070
0.69838903560,0.01685312142,South Mugirango,KE045262,,,,Kisii,KE045,Kenya,KE,2017/11/03,2018/06/07,,241.000000000000000,111.937352448701860,0.464470342110796,238.000000000000000,64206.000000000000000,269.773109243697490
1.72166079319,0.05325391152,Soy,KE027141,,,,Uasin Gishu,KE027,Kenya,KE,2017/11/03,2018/06/07,,769.000000000000000,310.752355247735980,0.404099291609540,763.000000000000000,75125.000000000000000,98.460026212319789
0.20073293723,0.00136813790,Starehe,KE047289,,,,Nairobi,KE047,Kenya,KE,2017/11/03,2018/06/07,,18.000000000000000,0.249586724326946,0.013865929129275,18.000000000000000,92.000000000000000,5.111111111111111
1.65176743808,0.08537614140,Suba North,KE043251,,,,Homa Bay,KE043,Kenya,KE,2017/11/03,2018/06/07,,1233.000000000000000,653.195286989212040,0.529760978904470,1211.000000000000000,251926.000000000000000,208.031379025598680
1.25554154346,0.09530540532,Suba South,KE043252,,,,Homa Bay,KE043,Kenya,KE,2017/11/03,2018/06/07,,1368.000000000000000,834.670637935400010,0.610139355215936,1382.000000000000000,379296.000000000000000,274.454413892908800
1.50349859677,0.03690414012,Subukia,KE032172,,,,Nakuru,KE032,Kenya,KE,2017/11/03,2018/06/07,,537.000000000000000,200.179384186863900,0.372773527349840,537.000000000000000,75688.000000000000000,140.945996275605210
0.97686287872,0.01679376996,Suna East,KE044255,,,,Migori,KE044,Kenya,KE,2017/11/03,2018/06/07,,244.000000000000000,141.637264132499690,0.580480590706966,246.000000000000000,71991.000000000000000,292.646341463414610
0.86041580062,0.02308922734,Suna West,KE044256,,,,Migori,KE044,Kenya,KE,2017/11/03,2018/06/07,,319.000000000000000,202.181707739830020,0.633798456864671,327.000000000000000,99101.000000000000000,303.061162079510720
3.60391925602,0.61342258997,Tarbaj,KE008035,,,,Wajir,KE008,Kenya,KE,2017/11/03,2018/06/07,,8843.000000000000000,7827.793165594339400,0.885196558361906,8836.000000000000000,6788219.000000000000000,768.245699411498440
3.51440813280,0.32612346834,Taveta,KE006023,,,,Taita Taveta,KE006,Kenya,KE,2017/11/03,2018/06/07,,4638.000000000000000,2145.894463926553700,0.462676684762086,4686.000000000000000,1878450.000000000000000,400.864276568501910
0.86572881221,0.02064261793,Teso North,KE040225,,,,Busia,KE040,Kenya,KE,2017/11/03,2018/06/07,,294.000000000000000,152.201238453388210,0.517691287256423,296.000000000000000,41274.000000000000000,139.439189189189190
0.83347558241,0.02472425841,Teso South,KE040226,,,,Busia,KE040,Kenya,KE,2017/11/03,2018/06/07,,354.000000000000000,193.142322152853010,0.545599780092805,357.000000000000000,55429.000000000000000,155.263305322128840
1.48592816520,0.02912687141,Tetu,KE019094,,,,Nyeri,KE019,Kenya,KE,2017/11/03,2018/06/07,,423.000000000000000,107.355356216430660,0.253795168360356,422.000000000000000,77996.000000000000000,184.824644549763040
2.07813838008,0.12007033213,Tharaka,KE013062,,,,Tharaka-Nithi,KE013,Kenya,KE,2017/11/03,2018/06/07,,1736.000000000000000,1033.822208672761900,0.595519705456660,1738.000000000000000,345536.000000000000000,198.812428078250860
1.13599233032,0.01780330315,Thika Town,KE022114,,,,Kiambu,KE022,Kenya,KE,2017/11/03,2018/06/07,,249.000000000000000,64.639050669968128,0.259594581003888,252.000000000000000,16216.000000000000000,64.349206349206355
3.37651255622,0.36129962009,Tiaty,KE030157,,,,Baringo,KE030,Kenya,KE,2017/11/03,2018/06/07,,5194.000000000000000,4106.560716211795800,0.790635486371158,5194.000000000000000,2305863.000000000000000,443.947439353099750
1.71289803932,0.06770033937,Tigania East,KE012055,,,,Meru,KE012,Kenya,KE,2017/11/03,2018/06/07,,975.000000000000000,606.661153793334960,0.622216567993164,970.000000000000000,165850.000000000000000,170.979381443298960
1.17441115113,0.03180535386,Tigania West,KE012054,,,,Meru,KE012,Kenya,KE,2017/11/03,2018/06/07,,458.000000000000000,267.841806650161740,0.584807438100790,456.000000000000000,63048.000000000000000,138.263157894736850
1.64661873291,0.04400733084,Tinderet,KE029151,,,,Nandi,KE029,Kenya,KE,2017/11/03,2018/06/07,,646.000000000000000,348.410862743854520,0.539335700841880,628.000000000000000,182552.000000000000000,290.687898089171990
0.95830789344,0.03050380074,Tongaren,KE039224,,,,Bungoma,KE039,Kenya,KE,2017/11/03,2018/06/07,,441.000000000000000,183.842284798622130,0.416875929248576,441.000000000000000,45326.000000000000000,102.780045351473920
1.39097494458,0.03534637092,Turbo,KE027142,,,,Uasin Gishu,KE027,Kenya,KE,2017/11/03,2018/06/07,,515.000000000000000,191.120081245899200,0.371106953875532,521.000000000000000,38202.000000000000000,73.324376199616125
4.39536355883,0.53828150121,Turkana Central,KE023125,,,,Turkana,KE023,Kenya,KE,2017/11/03,2018/06/07,,7744.000000000000000,7041.896145761013000,0.909335762624098,7738.000000000000000,5181979.000000000000000,669.679374515378640
6.88614769460,0.90908746350,Turkana East,KE023128,,,,Turkana,KE023,Kenya,KE,2017/11/03,2018/06/07,,13086.000000000000000,11485.604283809662000,0.877701687590529,13104.000000000000000,8701000.000000000000000,663.995726495726440
6.83486065990,1.66897152383,Turkana North,KE023123,,,,Turkana,KE023,Kenya,KE,2017/11/03,2018/06/07,,16941.000000000000000,15532.665955305099000,0.916868305017714,24036.000000000000000,20164777.000000000000000,838.940630720585770
5.35356810978,0.60328553994,Turkana South,KE023127,,,,Turkana,KE023,Kenya,KE,2017/11/03,2018/06/07,,8699.000000000000000,7627.733173847198500,0.876851727077503,8678.000000000000000,4628804.000000000000000,533.395252362295420
6.40098727778,1.19593592043,Turkana West,KE023124,,,,Turkana,KE023,Kenya,KE,2017/11/03,2018/06/07,,16576.000000000000000,15749.244165003300000,0.950123320765160,17213.000000000000000,17090798.000000000000000,992.900598384941650
0.95202126884,0.02608337305,Ugenya,KE041232,,,,Siaya,KE041,Kenya,KE,2017/11/03,2018/06/07,,374.000000000000000,199.262930363416670,0.532788583859403,375.000000000000000,55271.000000000000000,147.389333333333330
0.79157072134,0.01618145471,Ugunja,KE041233,,,,Siaya,KE041,Kenya,KE,2017/11/03,2018/06/07,,236.000000000000000,118.261927723884580,0.501109863236799,233.000000000000000,25452.000000000000000,109.236051502145930
0.89488605766,0.03118266939,Uriri,KE044257,,,,Migori,KE044,Kenya,KE,2017/11/03,2018/06/07,,449.000000000000000,255.419867575168610,0.568863847606166,449.000000000000000,136458.000000000000000,303.915367483296220
0.42781972224,0.00727308350,Vihiga,KE038211,,,,Vihiga,KE038,Kenya,KE,2017/11/03,2018/06/07,,109.000000000000000,53.453422427177429,0.490398370891536,105.000000000000000,10108.000000000000000,96.266666666666666
6.17451463081,0.69829091187,Voi,KE006026,,,,Taita Taveta,KE006,Kenya,KE,2017/11/03,2018/06/07,,10071.000000000000000,5227.729861676693000,0.519087465164998,10060.000000000000000,3724765.000000000000000,370.254970178926440
2.98320791696,0.34787372716,Wajir East,KE008034,,,,Wajir,KE008,Kenya,KE,2017/11/03,2018/06/07,,5010.000000000000000,4227.433444261550900,0.843799090670968,5012.000000000000000,3245167.000000000000000,647.479449321628070
5.25046370005,0.84590271298,Wajir North,KE008033,,,,Wajir,KE008,Kenya,KE,2017/11/03,2018/06/07,,12162.000000000000000,11156.307337522507000,0.917308611866675,12177.000000000000000,9514393.000000000000000,781.341299170567480
5.30882780837,1.75352224388,Wajir South,KE008038,,,,Wajir,KE008,Kenya,KE,2017/11/03,2018/06/07,,25263.000000000000000,21455.030608922752000,0.849266936188210,25254.000000000000000,14231103.000000000000000,563.518769303872660
4.06057590702,0.66031646553,Wajir West,KE008036,,,,Wajir,KE008,Kenya,KE,2017/11/03,2018/06/07,,9511.000000000000000,8392.597125947475400,0.882409539054513,9512.000000000000000,6316504.000000000000000,664.056349873843600
0.71440657837,0.01332076131,Webuye East,KE039221,,,,Bungoma,KE039,Kenya,KE,2017/11/03,2018/06/07,,191.000000000000000,83.033075690269470,0.434728144975233,192.000000000000000,24583.000000000000000,128.036458333333340
1.01087571635,0.01917967781,Webuye West,KE039222,,,,Bungoma,KE039,Kenya,KE,2017/11/03,2018/06/07,,275.000000000000000,118.813060909509660,0.432047494216399,276.000000000000000,29327.000000000000000,106.257246376811590
0.63018317277,0.01460966075,West Mugirango,KE046271,,,,Nyamira,KE046,Kenya,KE,2017/11/03,2018/06/07,,212.000000000000000,76.450296908617020,0.360614608059514,212.000000000000000,62389.000000000000000,294.287735849056620
0.40529793634,0.00590790301,Westlands,KE047274,,,,Nairobi,KE047,Kenya,KE,2017/11/03,2018/06/07,,83.000000000000000,5.331199234351516,0.064231316076524,85.000000000000000,933.000000000000000,10.976470588235294
1.21452647383,0.06924293068,Wundanyi,KE006024,,,,Taita Taveta,KE006,Kenya,KE,2017/11/03,2018/06/07,,984.000000000000000,399.704980731010440,0.406204248710376,995.000000000000000,386298.000000000000000,388.239195979899480
1.73773074427,0.08621090285,Yatta,KE016076,,,,Machakos,KE016,Kenya,KE,2017/11/03,2018/06/07,,1239.000000000000000,487.150426268577580,0.393180327900385,1243.000000000000000,211375.000000000000000,170.052292839903460
